Review_ID;Sentence_ID;Sentence;Aspect;Sentiment;Aspect_ID;Sentiment_ID
1824;0;Hotel ny nyaman dan bersih;room;pos;0;1
1824;1;service nya baik;service;pos;2;1
1824;2;pelayanan nya memuaskan dan ramah;service;pos;2;1
1824;3;breakfast nya enak banyak variasi nya;service;pos;2;1
1825;4;kamar nya kotor;room;neg;0;0
1825;5;berisik tidak ada kedap suara nya;room;neg;0;0
1825;6;pelayanan nya lambat harus di telf lagi agar datang ke kamar;service;neg;2;0
1825;7;parkir valet nya yang tidak siap selalu harus disamperin di pos security;service;neg;2;0
1826;8;Lokasi strategis dekat dg pusat kota;location;pos;1;1
1826;9;staff sangat ramah dan membantu;service;pos;2;1
1826;10;room bersih walau agak sempit;room;neg;0;0
1826;11;sky longue live music dengan panorama yg mengesankan;facilities;pos;3;1
1826;12;kolam renang cukup luas dan airnya bersih namun handuk pool habis;facilities;neg;3;0
1827;13;Petugas resepsionis sepertinya sudah cuek dengan kami sebagai tamu mungkin mereka berpikir dgn lokasi hotel yg strategis dan kamar selalu dalam keadaan full terus sehingga etika sebagai seorang petugas hotel yg menjual jasa sudah terabaikan;service;neg;2;0
1827;14;Tidak ada lagi standard penyambutan tamu;service;neg;2;0
1828;15;Pelayanan sangat bagus;service;pos;2;1
1828;16;Sarapan enak;service;pos;2;1
1828;17;Tempat strategis;location;pos;1;1
1828;18;kamar hotel beraih;room;pos;0;1
1828;19;Suasana kolam renang pun sangat bagus;facilities;pos;3;1
1829;20;strategis;location;pos;1;1
1829;21;pelayanan excelent;service;pos;2;1
1829;22;menu sarapan lengkap banyak pilihan;service;pos;2;1
1829;23;cm sayang pemandangan kamar ga ada sama skali;room;neg;0;0
1830;24;Keseluruhan pelayanan sudah oke semualah ya;service;pos;2;1
1830;25;sama matras sama bantal kyaknya udah harus ganti ya sudah tidak nyaman;facilities;neg;3;0
1831;26;Stafnya ramah-ramah;service;pos;2;1
1831;27;makanannya enak dan bervariatif sekali;service;pos;2;1
1831;28;Dekat dengan pusat perbelanjaan Malioboro dan stasiun kereta api;location;pos;1;1
1832;29;kamar sangat verry good tetapi untuk shower harus di perhatikan karena tamu saya beberapa room ada yang kerepotan untuk menyalakan shower;facilities;neg;3;0
1832;30;Untuk restonya sangat nyaman dan makanan breakfest verry good;service;pos;2;1
1833;31;smoking roomnya luas;facilities;pos;3;1
1833;32;skylounge nya enak dipakai buat nongkrong;facilities;pos;3;1
1833;33;letak geografisnya sempurna;location;pos;1;1
1833;34;tinggal nyebrang dari stasiun aja;location;pos;1;1
1833;35;Cuman shower air ga berfungsi dan channel iflix+hooq putus putus ga nyaman dipake nonton;facilities;neg;3;0
1833;36;tidak disediakan minuman kemasan botol plastik dalam kamar;facilities;neg;3;0
1833;37;tapi sayangnya dispensernya agak jauh dari kamar;facilities;neg;3;0
1834;38;Nah ini review nya : Hotelnya bersih;facilities;pos;3;1
1834;39;Kalo interiornya sih modern;facilities;pos;3;1
1834;40;Yang paling aku suka dari hotelnya adalah lokasinya (bukan karena Sarkem ya ??) karena dekat dari malioboro tapi gak crowded;location;pos;1;1
1835;41;karna hotel nya nyaman n harga sesuai makanya saya kembali memilih hotel neo lagi untuk tinggal dalam acara jalan2 dengan teman2 saya;service;pos;2;1
1837;42;Tempatnya sangat strategis;location;pos;1;1
1837;43;pelayanan memuaskan;service;pos;2;1
1837;44;breakfast bervariasi;service;pos;2;1
1837;45;kamar bersih;room;pos;0;1
1837;46;staff ramah ramah;service;pos;2;1
1838;47;Pelayanan sangat bagus;service;pos;2;1
1838;48;room cukup;room;pos;0;1
1838;49;area resto dan smoking kurang luas;facilities;neg;3;0
1838;50;tidak ada tempat duduk santai depan luar lobby;facilities;neg;3;0
1839;51;Hotelnya bagus tempatnya strategis di kota Jogja dekat dengan pusat keramaian (Jl;location;pos;1;1
1840;52;Hotel ini lokasinya didekat stasiun Tugu/Yogya;location;pos;1;1
1840;53;halaman parkir sempit;facilities;neg;3;0
1841;54;Kalau ke jogja ni hotel recommended banget karena deket malioboro dan stasiun;location;pos;1;1
1841;55;kamar nya bersih dan nyaman banget;room;pos;0;1
1841;56;tidak perlu khawatir buat ngecas hp dll karena skalar buat colokan ada banyak;facilities;pos;3;1
1841;57;pelayanan juga oke banget;service;pos;2;1
1842;58;pelayanan dari petugas ramah & murah senyum semoga dipertahankan & ditingkatkan;service;pos;2;1
1843;59;lokasi hotel sangat strategis berada di sebrang stasiun tugu yogyakarta;location;pos;1;1
1843;60;pelayanan yang sangat luar biasa;service;pos;2;1
1843;61;kebersihannya juga patut diacungi jempol;service;pos;2;1
1843;62;untuk deluxe room juga ruangan sangat amat besar yang buat tidur semakin berkualitas;room;pos;0;1
1844;63;Pelayanan cepat dan mantap;service;pos;2;1
1844;64;ruangan sgt bersih;room;pos;0;1
1844;65;wangi ruangan sgt menunjang kenyamanan menginap;room;pos;0;1
1844;66;fasilitas kondisi baik;facilities;pos;3;1
1844;67;Tingkat keamanan juga bagus;service;pos;2;1
1845;68;Lokasi sangat strategis;location;pos;1;1
1845;69;Proses checkin & check out cepat;service;pos;2;1
1845;70;Seluruh staff sangat ramah;service;pos;2;1
1845;71;Kamar cukup luas lah untuk hotel bintang 3;room;pos;0;1
1845;72;kebersihan juga ok;service;pos;2;1
1845;73;Kamar mandi cukup luas juga & bersih;room;pos;0;1
1845;74;Breakfast variasi cukup & rasa cukup baik;service;pos;2;1
1846;75;hotelnya sangat bersih;service;pos;2;1
1846;76;pegawainya juga sangat ramah dan sopan;service;pos;2;1
1846;77;kamar nya bersih dan makananya pun enak dan lezat;service;pos;2;1
1846;78;keereeenn pollll  akses ke tempat wisata juga sangat dekat;location;pos;1;1
1847;79;Kamar nyaman;room;pos;0;1
1847;80;kebersihan nya bagus;service;pos;2;1
1847;81;petugas membantu;service;pos;2;1
1847;82;kamar mandi bersih;room;pos;0;1
1847;83;perlengkapan mandi lengkap;facilities;pos;3;1
1847;84;lokasi strategis;location;pos;1;1
1847;85;kolam berenang view nya lumayan;facilities;pos;3;1
1847;86;makanan the best ??;service;pos;2;1
1848;87;lokasi hotel yang strategis dekat kuliner wisata malioboro dan cukup dekat dari bandara;location;pos;1;1
1849;88;mengesankan dan sarapannya super variasi dan enak-enak;service;pos;2;1
1849;89;Pegawai hotel juga ramah-ramah semua dan sangat membantu;service;pos;2;1
1851;90;Secara keseluruhan fasilitas hotel sudah baik/rata-rata;facilities;pos;3;1
1852;91;Hotel strategis di yogyakarta;location;pos;1;1
1852;92;dekat dengan stasiun dan kawasan malioboro;location;pos;1;1
1852;93;Konsep hotel dan layanan kekinian dengan tarif relatif terjangkau;service;pos;2;1
1852;94;Fasilitas kamar yang nyaman dengan penataan moderen;room;pos;0;1
1853;95;Proses Checkin berjalan lancar kondisi Pertama masuk kamar sangat baik Kondisi kamarmandi perlu di perhatikan karena drainase air agar mampet yang menyebabkan air meluber apabika kita mandi dengan kran shower membuka penuh;room;neg;0;0
1853;96;Kondisi tempat makan (sarapan) cukup baik;facilities;pos;3;1
1854;97;dekat dengan malioboro;location;pos;1;1
1854;98;staff yang ramah;service;pos;2;1
1854;99;kamar yang cukup luas dan ada kolam renang untuk anak;facilities;pos;3;1
1855;100;dekat dengan pusat kota jalan malioboro;location;pos;1;1
1855;101;Dekat dengan stasiun kereta api;location;pos;1;1
1855;102;Ada kolam renang dan resto yang enak masakannya;facilities;pos;3;1
1855;103;Kamar cukup bersih;room;pos;0;1
1856;104;Hotelnya strategis;location;pos;1;1
1856;105;deket stasiun kereta sama pusat kuliner dan oleh2 Malioboro;location;pos;1;1
1856;106;mudah reservasinya baik lewat online maupun langsung;service;pos;2;1
1857;107;Berasa stay di bintang 4 pelayanan yang ramah makanan yang cukup enak;service;pos;2;1
1857;108;tempat yang strategis dekat dengan malioboro berjalan kaki kira kira 3menit;location;pos;1;1
1858;109;kolam renang nya lumayan bersih dan kadar kaporit nya cukup rendah;facilities;pos;3;1
1858;110;makanan nya lumayam bervariasi;service;pos;2;1
1858;111;dan lumayan enak rasa masakan nya;service;pos;2;1
1859;112;Lokasi sangat dekat dengan Jl;location;pos;1;1
1859;113;Sarapan juga enak;service;pos;2;1
1859;114;Pelayanan mulai dari Receptionist hingga Room Service Sangat Profesional dan menyenangkan;service;pos;2;1
1859;115;Good Hotel & Good Service;service;pos;2;1
1860;116;kamarnya bersih;room;pos;0;1
1860;117;resepsionisnya ramah ramah;service;pos;2;1
1860;118;parkiranya juga sangat aman;facilities;pos;3;1
1860;119;satpam disana juga sangat sigap;service;pos;2;1
1860;120;pelayanan belboynya jugaaa sangat cepat;service;pos;2;1
1861;121;Tempat tidurnya cukup nyaman;room;pos;0;1
1861;122;ac juga dingin banget;facilities;pos;3;1
1861;123;Terdapat sky lounge pada lantai 9 yang dari sini dapat melihat ke arah sekliling;facilities;pos;3;1
1861;124;Lokasi hotel ini dekat dengan jalan Malioboro dan statiun kereta api Tugu;location;pos;1;1
1862;125;Kamar bersih;room;pos;0;1
1862;126;pelayanan bagus;service;pos;2;1
1862;127;cek in dan cek out cepat;service;pos;2;1
1862;128;semua hampir sempurna kecuali makananya yg biasa aja;service;pos;2;1
1862;129;tambah breakfaat cukup mahal yaitu 120rb untuk menu yg eerti itu;service;neg;2;0
1863;130;Tempatnya bagus;service;pos;2;1
1863;131;makanannya variatif dan enak;service;pos;2;1
1863;132;bersih dan servicenya bagus banget;service;pos;2;1
1864;133;"berkesan sekali pelayanan oke ramah ramah dan paling penting itu deket bgt sm malioboro dan deket sama stasiun tugu jadi apa"" mudah soal makanan enak enak semua";location;pos;1;1
1864;134;kolam renang asik walupun ga smpet brenang;facilities;pos;3;1
1865;135;dekat dkt malioboro;location;pos;1;1
1865;136;trz akses menggunakan mobil juga gampang dan lokasi yg strategi tidak terkena macetx malioboro;location;pos;1;1
1866;137;resepsionis yang ramah;service;pos;2;1
1866;138;kamar yang bersih dan nyaman;room;pos;0;1
1866;139;semua fasilitas tersedia di dalam kamar;facilities;pos;3;1
1866;140;ada kolam renang dan cafe serta restoran yang semua makanannya enak dan lezat;facilities;pos;3;1
1866;141;dan satu lagi ada skylounge yang nyaman;facilities;pos;3;1
1867;142;kamarnya bersih;room;pos;0;1
1867;143;fasilitas bagus;facilities;pos;3;1
1867;144;tapi perlu ada perbaikan untuk shower kamar mandi;facilities;neg;3;0
1867;145;makanannya enak;service;pos;2;1
1867;146;akses menuju stasiun tugu juga mudah;location;pos;1;1
1868;147;Hotel yang nyaman banget cocok untuk traveling dan belanja serta dekat dengan stasiun;location;pos;1;1
1868;148;dejat perbelanjaan;location;pos;1;1
1868;149;tenpat yang asyik karena dekat dengan semua yabg ada di yogyajarta;location;pos;1;1
1869;150;Semua staff ramah pelayanan kamar baik dekat dengan jl Malioboro dekat dengan stasiun tugu hanya saja tolong kualitas breakfast di perbaiki dan selebihnya bagus semua dan cukup  puas dengan pelayanannya;service;pos;2;1
1870;151;kamar hotel sangat bagus;room;pos;0;1
1870;152;siaran tv digital nya banyak;facilities;pos;3;1
1870;153;lokasi yang sangat dekat dengan stasiun Tugu;location;pos;1;1
1870;154;dekat dengan Malioboro;location;pos;1;1
1870;155;Sarapannya cocok di Lidah ada masakan western dan Indonesia nya;service;pos;2;1
1871;156;?????????????? Pelayanan yang bagus;service;pos;2;1
1871;157;ramah;service;pos;2;1
1871;158;bersahabat;service;pos;2;1
1871;159;tempat tidur bagus;room;pos;0;1
1871;160;kamar mandinya bersih;room;pos;0;1
1871;161;mini barnya limayan lengkap;facilities;pos;3;1
1871;162;ruangan kamarnya tidak sempit;room;pos;0;1
1871;163;dan akses sangat stategis;location;pos;1;1
1873;164;Pelayanan excellent semua staff hotel ramah Dan kamar juga dibersihkan setiap Hari;service;pos;2;1
1873;165;Makanannya enak enak Dan banyak Dan lengkap  hotelnya juga bersih kolam renangnya outdoor bagus pemandangannya menghadap stasiun;service;pos;2;1
1874;166;Staf ramah;service;pos;2;1
1874;167;cekatan Lokasi strategis Breakfast enak tapi lauknya tolong divariasi jgn ayam terus krn saya menginap 4;service;pos;2;1
1874;168;mungkin variasi dengan daging atau yg lainnya Kamar nyaman;service;pos;2;1
1874;169;kamar mandi baik apalagi ada kran buat wudhu;room;pos;0;1
1875;170;dan dari dulu sampai sekarang pelayanannya selalu memuaskan;service;pos;2;1
1875;171;Hotel yang letaknya sangat strategis bersebrangan dengan Stasiun Yogyakarta;location;pos;1;1
1877;172;anak2 suka karena ada kolam renang;facilities;pos;3;1
1877;173;Staff yang ramah;service;pos;2;1
1878;174;Fasilitas kamar yang lengkap dan nyaman untuk keluarga menginap serta makanan yang memuaskan;facilities;pos;3;1
1878;175;penginapan yang sangat dekat dengan malioboro dan tempat makanan lain yg dekat dengan hotel;location;pos;1;1
1879;176;Kamar bersih;room;pos;0;1
1879;177;sarapan lumayan bagus;service;pos;2;1
1880;178;Semuanya memenuhi standard hanya handuk harus di ganti sudah tidak putih;facilities;neg;3;0
1880;179;tempat roll tissue sudah mau copot;facilities;neg;3;0
1880;180;Wastafel mampet jika tidak dibuka tengahnya;facilities;neg;3;0
1881;181;Hotelnya dekat dengan malioboro dan stasiun jogja sehingga mudah untuk kemana-mana;location;pos;1;1
1881;182;Kamar nyaman;room;pos;0;1
1881;183;sarapan pagi enak dan banyak variasi;service;pos;2;1
1881;184;Staff nya ramah;service;pos;2;1
1882;185;Check in telat 10-15 menit dr jam check in;service;neg;2;0
1882;186;orange dan guava juice nya tidak ada rasanya;service;neg;2;0
1882;187;Tapi untuk lokasinya sih bagus;location;pos;1;1
1882;188;karena dekat dengan jalan Malioboro dan stasiun kereta;location;pos;1;1
1882;189;untuk kolam renangnya cukup luas;facilities;pos;3;1
1883;190;Hotel ini memiliki letak yang sangat strategis;location;pos;1;1
1883;191;roomnya bersih;room;pos;0;1
1883;192;fasilitas sangat lengkap;facilities;pos;3;1
1883;193;dan pelayanannya sangat baik;service;pos;2;1
1884;194;lokasi strategis dekat dengan stasiun dan sangat nyaman utk meet up dgn client;location;pos;1;1
1884;195;harga yg terjangkau;service;pos;2;1
1884;196;dan pemandangan yg menakjubkan di sky longue Sangat asik untuk nongkrong;facilities;pos;3;1
1884;197;dan fasilitas yg sangat lengkap dgn dukungan fasilitas olahraga;facilities;pos;3;1
1885;198;Berkunjung ke Kota Yogya pasti tidak lepas dari menginap di hotel bintang 3 yang posisinya tidak jauh dari stasiun kereta api dan Malioboro yaitu Hotel Neo by Aston;location;pos;1;1
1885;199;tetap pelayan hotel nya baik n makanan paginya pun masih sama bervariasi;service;pos;2;1
1885;200;ya tidak jauh jalan kaki menuju hotel maupun balik ke Jakarta;location;pos;1;1
1885;201;Intinya hotel Neo cukup stategis di pusat kota Yogya;location;pos;1;1
1885;202;Staff pun ramai n kamar mandi pun bersih serta ruangan…;service;pos;2;1
1886;203;Kamar yang bersih;room;pos;0;1
1886;204;suasana hotel yang nyaman ada kolam renang;facilities;pos;3;1
1886;205;staff nya ramah ramah serta menu sahur dan buka puasanya yg enak enak;service;pos;2;1
1887;206;Kamarnya besar;room;pos;0;1
1887;207;bersih;service;pos;2;1
1887;208;Sarapannya mantull;service;pos;2;1
1888;209;deket dari stasiun tugu jogja;location;pos;1;1
1888;210;hotel bersih;service;pos;2;1
1888;211;strategis;location;pos;1;1
1888;212;breakfast lengkap banyak menarik enak;service;pos;2;1
1888;213;dekat juga kalau mao ke malioboro;location;pos;1;1
1889;214;Harga ckup tinggi untuk kamar 1 kamr tidur dan sofa dgn ukuran ruangan g bgtu besar;service;neg;2;0
1889;215;mgkin krn lokasi deket malioboro jd hrga ckup tinggi;location;neg;1;0
1889;216;untuk pelayanan top banget mulai dari parkir smpai resepsionis;service;pos;2;1
1890;217;Lokasi hotel strategis karena berdekatan dengan Jalan Malioboro dan Stasiun Tugu Yogyakarta;location;pos;1;1
1890;218;Parkiran mobil cukup nyaman namun bagi pengendara motor;facilities;pos;3;1
1890;219;tempat parkirnya terbatas;facilities;neg;3;0
1891;220;Kamar bersih;room;pos;0;1
1891;221;deket banget dengan pusat kota ( 5 langkah saja ke malioboro):-D;location;pos;1;1
1891;222;sarapan enak dan variatif;service;pos;2;1
1891;223;ada sky lounge yg keren bisa lihat kota jogja dari ketinggian;facilities;pos;3;1
1891;224;staff ramah dan responsif;service;pos;2;1
1892;225;Pelayanan bagus;service;pos;2;1
1892;226;lokasi strategis;location;pos;1;1
1892;227;fasilitasnya lengkap;facilities;pos;3;1
1892;228;makanannya enak;service;pos;2;1
1892;229;kamarnya bersih;room;pos;0;1
1892;230;stafnya ramah;service;pos;2;1
1893;231;makanan beragam;service;pos;2;1
1893;232;lokasi strategis;location;pos;1;1
1893;233;hanya tidak ada handuk kecil dan handuknya bau karena tidak kering setelah dicuci;facilities;neg;3;0
1893;234;dan warna handuknya kuning -kuning;facilities;neg;3;0
1893;235;wastafelnya airnya kemana mana jadi basah;facilities;neg;3;0
1893;236;tidak ada handuk kecil untuk melap samping-samping wastafel;facilities;neg;3;0
1894;237;Hotel nya nyaman dengan staff yang sangat ramah dan membantu;service;pos;2;1
1894;238;sarapan nya enak dan banyak pilihan menu dilengkapi dengan kolam renang dan mushola jika ingin sholat berjamaah;service;pos;2;1
1895;239;penerangan di kamar kurang terang;room;neg;0;0
1895;240;staff ramah dan anak anak juga betah;service;pos;2;1
1896;241;Handuknya agak kusam dan berbau;facilities;neg;3;0
1896;242;Lokasi hotel ini bagus;location;pos;1;1
1896;243;Sarapannya kurang bervariasi;service;neg;2;0
1898;244;rekomendasi untuk yang sedang berlibur bersama keluarga atau pasangan ke yogyakarta karena lokasi yang strategis dekat dengan malioboro;location;pos;1;1
1898;245;kamar sangat nyaman dan makanannya banyak variasi (rasanya uwenak tenan);service;pos;2;1
1899;246;Lokasi cukup strategis;location;pos;1;1
1899;247;dekat dengan jalan malioboro dan jarak ke bandara juga tidak terlalu jauh;location;pos;1;1
1899;248;Space kamar dan kamar mandi lumayan luas;room;pos;0;1
1899;249;furniture-nya lengkap;facilities;pos;3;1
1899;250;Hari pertama sprei dan selimut berdebu;facilities;neg;3;0
1899;251;Handuknya dekil dan berbau apek;facilities;neg;3;0
1899;252;Karpet di lorong kamar baunya tidak sedap;facilities;neg;3;0
1899;253;pilihan makanan bervariasi dan rasanya lumayan enak;service;pos;2;1
1901;254;Bersih dan nyaman;service;pos;2;1
1901;255;Pelayanan resepsionisnya juga oke;service;pos;2;1
1901;256;Lokasinya deket banget sama Stasiun Tugu dan Malioboro;location;pos;1;1
1901;257;menu breakfastnya juga termasuk banyak banget variasinya dan enak enak;service;pos;2;1
1902;258;petugas hotel ramah2 dan sangat membantu;service;pos;2;1
1902;259;mushola dan toiletnya bersih;facilities;pos;3;1
1903;260;Hotelnya strategis gampang mau kemana-mana;location;pos;1;1
1903;261;Banyak pilihan makanan juga saat sarapan pagi dan enak-enak;service;pos;2;1
1904;262;pelayanannya pun cepat dan cekatan;service;pos;2;1
1904;263;orangnya juga ramah-ramah;service;pos;2;1
1904;264;apa yang dibutuhkan oleh customer mereka sigap membantu;service;pos;2;1
1905;265;cleanliness and  value excellent;service;pos;2;1
1905;266;Strategic location between tugu station and malioboro street;location;pos;1;1
1905;267;Room was very good;room;pos;0;1
1905;268;Fasilitas hotel juga oke banget;facilities;pos;3;1
1906;269;Lokasi straregis;location;pos;1;1
1906;270;breakfast enak2 dan lengkap;service;pos;2;1
1906;271;Luas kamar untuk kelas superior cenderung kurang luas;room;neg;0;0
1906;272;Staffnya ramah2 dan cekatan jika kita membutuhkan sesuatu;service;pos;2;1
1907;273;Staff sangat bersahabat;service;pos;2;1
1907;274;dan kualitas istrahat sngat bagus dan maknan snagat bervariasi;service;pos;2;1
1907;275;kebersihan sangat terjaga dan sangat membantu sekali;service;pos;2;1
1907;276;secara keseluruhan sangat puas dengan layanan dari hotel neo;service;pos;2;1
1908;277;Lokasinya lumayan strategis;location;pos;1;1
1908;278;dekat stasiun dan malioboro;location;pos;1;1
1908;279;Menu sarapan tdk bervariasi jd agak ngebosenin;service;neg;2;0
1908;280;kamar brsh;room;pos;0;1
1909;281;Hotel dekat sekali dengan stasiun yogyakarta;location;pos;1;1
1909;282;dekat dengan malioboro jg bs diakses dengan berjalan kaki 3 menit;location;pos;1;1
1909;283;untuk pemesanan makanan restoran hotel sangat cepat;service;pos;2;1
1909;284;enak dan harganya terjangkau;service;pos;2;1
1909;285;untuk kamar kurang merasakan privasi;room;neg;0;0
1910;286;ke malioboro hanya jalan kaki;location;pos;1;1
1910;287;mendapat kamar paling ujung 523 sehingga wifi sangat lemah;facilities;neg;3;0
1910;288;kolam renang cukup baik terdapat kolam anak;facilities;pos;3;1
1910;289;dan yang menyenangkan sarapannya;service;pos;2;1
1910;290;variasinya banyak;service;pos;2;1
1910;291;rasa enak;service;pos;2;1
1910;292;goreng pisang)  jusnya kental bukan abal2;service;pos;2;1
1911;293;lokasi sangat strategis;location;pos;1;1
1911;294;dekat ke stasiun & malioboro;location;pos;1;1
1911;295;pilihan menu breakfast banyak;service;pos;2;1
1911;296;pencahayaan kamar dibuat lebih terang;room;pos;0;1
1912;297;Kamarnya nyaman;room;pos;0;1
1912;298;toilet bersih;room;pos;0;1
1912;299;staff ramah;service;pos;2;1
1912;300;lokasi strategis;location;pos;1;1
1913;301;Hotel dengan lokasi yang strategis (dekat dengan stasiun tugu dan malioboro)Pelayanan ramah;location;pos;1;1
1913;302;makanan enak dan variatif;service;pos;2;1
1913;303;kebersihan okFasilitas cukup lengkap dan ada mini market;facilities;pos;3;1
1914;304;Jarak dekat dari stasiun Tugu & Malioboro;location;pos;1;1
1914;305;dan kamarnya nyaman;room;pos;0;1
1914;306;tapi sky lounge nya kurang besar Saat mau ke pool;facilities;neg;3;0
1915;307;staf ramah dan sangat helpfullkamar nyaman cukup luas apalagi kami menggunakan ekstra bedlokasi sangat strategis;service;pos;2;1
1915;308;dekat sekali dengan stasiun kereta kalo butuh jajan atau keperluan lain keluar hotel lgs liat yg dibutuhkanbreakfast juga sangat bervariasi dengan rasa yg enak semua;location;pos;1;1
1916;309;Hotel nya bagus  Sarapannya enak Berbagai varian Kamar nya bersih;service;pos;2;1
1916;310;pelayanan FO ramah Check in nya cepat lagi Mau ke malioboro deket Mau ke stasiun juga deket Cocok bgt buat liburan keluarga Hotel favorit pokoknya;service;pos;2;1
1917;311;lokasi strategis;location;pos;1;1
1917;312;harga cukup baik;service;pos;2;1
1918;313;Untuk keamanan pengguna juga bagus;service;pos;2;1
1918;314;Untuk faktor keselamatan juga bagus;service;pos;2;1
1919;315;Hotel yang menjadi favorit saya setiap kali ke yogyakarta adalah Hotel NeoJaraknya yang dekat dengan pusat oleh-oleh malioboro sehingga saya hanya cukup berjalan kaki saja untuk mencapai pusat oleh-oleh tersebut;location;pos;1;1
1919;316;sarapan pagi yang bervariasi dengan banyak pilihan menunyapetugas yang ramah dan membantu jika kami ada kesulitanuntuk mencari makan tidak sulit karena disekitaran hotel tersebut banyak pedagang-pedagang makanan tersebar baik kaki lima maupun di dalam gedung (kafe-kafe;service;pos;2;1
1920;317;Kamar yang bersih;room;pos;0;1
1920;318;lokasi yang strategi;location;pos;1;1
1920;319;dan makanan yg bervariasi serta enak;service;pos;2;1
1920;320;Semoga hotel neo selalu memberikan pelayanan yang terbaik dan harga promo;service;pos;2;1
1921;321;pelayanan yang sangat ramah;service;pos;2;1
1921;322;bersih;service;pos;2;1
1921;323;dekat dengan pusat kota;location;pos;1;1
1921;324;dekat dengan stasiun;location;pos;1;1
1921;325;tempat yang sangat mudah di jangkau sekalipun menggunakan transportasi umum;location;pos;1;1
1922;326;Hotel yang lokasinya sangat strategis;location;pos;1;1
1922;327;bersih dan nyaman;service;pos;2;1
1922;328;makanannya juga enak-enak;service;pos;2;1
1923;329;Lokasi yg strategis;location;pos;1;1
1923;330;dekat stasiun dan Malioboro;location;pos;1;1
1923;331;fasilitas yg oke;facilities;pos;3;1
1923;332;kamar yang bersih;room;pos;0;1
1923;333;dekat dengan travel agent kami;location;pos;1;1
1924;334;yaitu dekat stasiun dan dapat menitip barang hingga malam (padahal dah lewat waktu check out;service;pos;2;1
1925;335;NEO hotel adalah salah satu hotel yang stragetis;location;pos;1;1
1925;336;dan tidak jauh dari malioboro;location;pos;1;1
1925;337;Makanannya enak dan sangat variatif sekali;service;pos;2;1
1925;338;staff restauran juga tanggap dan cekatan;service;pos;2;1
1926;339;Makanan sangat variatif dan enak;service;pos;2;1
1926;340;Lokasi yg dekat jalan Malioboro memudahkan menuju lokasi dengan jalan kaki;location;pos;1;1
1927;341;location near at malioboro and station tugu yogyakarta 3 minutes;location;pos;1;1
1927;342;good service room;service;pos;2;1
1927;343;good food breakfast;service;pos;2;1
1927;344;hotel ini paling rekomend karena dekat sekali dari stasiun tugu hanya jalan kaki dan ke malioboro hanya 3 menit;location;pos;1;1
1927;345;fasilitas kamar lengkap hair dryer;facilities;pos;3;1
1927;346;bed yang besar;facilities;pos;3;1
1927;347;shower dan perlengkapan mandi lengkap;facilities;pos;3;1
1928;348;sangat dekat dengan stasiun tugu dan malioboro;location;pos;1;1
1928;349;kamar luas dan sangat nyaman;room;pos;0;1
1928;350;tempat tidur lebar;room;pos;0;1
1929;351;tp pelayanannya maupun kenyamanannya sudah cukup menurut sy;service;pos;2;1
1929;352;Makan pagi nya pun sangat bervariasi cukup enak dan nikmat;service;pos;2;1
1929;353;lokasi hotel ini sangat deket ke malioboro n stasiun Tugu Yogyakarta;location;pos;1;1
1929;354;terasa kamar nya luas…;room;pos;0;1
1930;355;Tempat yang bagus untuk menginap di pusat kota Yogyakarta;location;pos;1;1
1930;356;dekat dengan stasiun kereta;location;pos;1;1
1930;357;Harga yang terjangkau;service;pos;2;1
1930;358;pelayanan yang baik;service;pos;2;1
1930;359;memiliki fasilitas memadai (swimming pool;facilities;pos;3;1
1930;360;sky lounge) makanan yang bervariasi;service;pos;2;1
1931;361;"yang menang dari hotel ini lokasi strategis depan depanan stasiun tugu dan di lokasi ""sarkem"" ehem yang tau aja hahah";location;pos;1;1
1931;362;ntaffff kaya macem paket lengkap kuenya buanyak dan variatif dan baru kali ini nemuin hotel yang ad live juice cornernya;service;pos;2;1
1933;363;Dari lobby kita di sambut salam oleh worker yg sangat ramah dan lobbynya juga interiornya bagus dan cukup luas serta di sediai free welcome drink  di resepsionis juga unique coz yg cewe pake wig blonde dan cowo pake topi coboy;service;pos;2;1
1933;364;parkiran motor dan mobil cukup lega;facilities;pos;3;1
1933;365;dan masuk ke dlm ruangan speechless kamarnya cukup luas dekorasi minimalis dg aksen jawa sedikit;room;pos;0;1
1933;366;AC juga dingin;facilities;pos;3;1
1933;367;tempat tidur nyaman dan kurangnya bising karena pas seberang stasiun tugu/pasar kembang;room;pos;0;1
1933;368;ke malioboro juga dekat tinggal naik becak aja;location;pos;1;1
1934;369;suasana dan kamar bersih;room;pos;0;1
1934;370;pelayanan sopan dan baik;service;pos;2;1
1934;371;makanan pun enak;service;pos;2;1
1934;372;sayang internet yang super lambat;facilities;neg;3;0
1934;373;dan akan sangat mengecewakan bila hotel sebagus ini internetnya lambat;facilities;neg;3;0
1935;374;letak strategis dekat dengan stasiun dan titik wisata jogja;location;pos;1;1
1936;375;Hotel yg letaknya sangat strategis di jogja;location;pos;1;1
1936;376;sarapannya variatif dan enak;service;pos;2;1
1936;377;staffnya ramah dan sangat membantu;service;pos;2;1
1936;378;Sy suka design kamar hotelnya yg simple modern dan minimalis;room;pos;0;1
1937;379;Hanya waktu check in & check out saja yg tidak fleksible;service;neg;2;0
1937;380;Kolam renang walau kecil tp ok;facilities;pos;3;1
1937;381;bersih n good view;room;pos;0;1
1938;382;Lokasi hotel cukup strategis dengan lokasi vital wisata di jogja;location;pos;1;1
1938;383;Dekat stasiun;location;pos;1;1
1938;384;sky lounge yang keren;facilities;pos;3;1
1938;385;kamar bersih rapi dan cukup redam;room;pos;0;1
1938;386;Fasilitas sangat oke;facilities;pos;3;1
1938;387;Semua fasilitas kamar berfungsi dengan baik;facilities;pos;3;1
1939;388;Kamar yang bersih;room;pos;0;1
1939;389;staff yang ramah serta breakfast yang cukup lengkap;service;pos;2;1
1940;390;Menginapnya nyaman kamar oke kamar mandi bersih karna dekat dengan stasiun dan dekat dengan malioboro akan tetapi sgt disayangkan makanan kurang berasa dan ada yg terlalu asin dan capjaynya kurang bumbu dan kurang kental kasih garnish u/cake karna konsep resto sudah bagus;service;neg;2;0
1941;391;kamarnya bagus;room;pos;0;1
1941;392;samburan staffnya ramah tapi terkendala dengan pembangunan di samping hotel dan suara sirene kereta api tolong ruangannya untuk kedap suara dari luar;room;neg;0;0
1942;393;bangunannya baru;facilities;pos;3;1
1942;394;kamar bersih;room;pos;0;1
1942;395;pelayanan baik;service;pos;2;1
1942;396;ramah;service;pos;2;1
1942;397;Dan AC dikamar 705 kurang dingin;facilities;neg;3;0
1943;398;kami bermalam di neo malioboro dengan pelayanan yg ramah dari petugas hotel;service;pos;2;1
1943;399;tempat tidur yg sangat nyaman;room;pos;0;1
1943;400;breakfaast yang variatif dan semua nya enak enak;service;pos;2;1
1943;401;Serta lokasi hotel yang strategis;location;pos;1;1
1944;402;Hotel yang bagus dengan lokasi yang berdekatan dengan titik nol Yogyakarta;location;pos;1;1
1944;403;Service nya top banget dengan pelayanan yang baik;service;pos;2;1
1944;404;Untuk Breakfast juga memberikan makanan yang banyak sekali untuk dapat di cicipin;service;pos;2;1
1945;405;wangi ruangan ny bkin betah;room;pos;0;1
1945;406;menu sarapan yg enak dan strategis untuk sy karna dkt dgn stasiun;service;pos;2;1
1945;407;dkt dgn kafe 24 jam;location;pos;1;1
1945;408;tdk terlalu jauh k malioboro dskt;location;pos;1;1
1945;409;staf ny ramah smua;service;pos;2;1
1946;410;lokasi strategis depan pintu masuk stasiun tugu;location;pos;1;1
1946;411;Sarapannya lengkap dari menu rumahan;service;pos;2;1
1946;412;parkiran luas;facilities;pos;3;1
1946;413;Check In tepat waktu pukul 14;service;pos;2;1
1947;414;lokasi strategis dekat malioboro;location;pos;1;1
1947;415;dekat dengan stasiun;location;pos;1;1
1947;416;pelayanan memuaskan;service;pos;2;1
1947;417;stafnya friendly;service;pos;2;1
1948;418;Staff pelayanan ramah;service;pos;2;1
1948;419;kamar nyaman dan bersih;room;pos;0;1
1948;420;makanan enak;service;pos;2;1
1948;421;selain itu lokasinya sangat strategis;location;pos;1;1
1948;422;dekat dengan stasiun kota dan pusat perbelanjaan malioboro;location;pos;1;1
1949;423;dekat dan mudah aksesnya;location;pos;1;1
1950;424;Kamar yang bersih dan nyaman;room;pos;0;1
1950;425;Sarapan Pagi dengan banyak pilihan;service;pos;2;1
1950;426;Lokasi yang dekat dengan malioboro sehingga bisa lebih dekat ke keramaian kota;location;pos;1;1
1951;427;Hotelnya bersih;service;pos;2;1
1951;428;dekat dengan stasiun;location;pos;1;1
1951;429;pelayanan cukup memuaskan;service;pos;2;1
1951;430;Akses keluar masuk kolam renang di pagi hari dari restauran dan ini cukup membuat kurang nyaman;facilities;neg;3;0
1952;431;pelayanan bagus;service;pos;2;1
1952;432;interior sangat bagus;facilities;pos;3;1
1952;433;kebersihan oke;service;pos;2;1
1952;434;makanan yang disediakan enak dan menarik;service;pos;2;1
1952;435;lokasi hotel yang dekat dg stasiun sangat strategis bagi pengguna kereta terutama tidak terburu-buru untuk menuju ke stasiun;location;pos;1;1
1953;436;liftnya kecil banget hanya muat sedikit sedangkan kami rombongan kurang lebih 50 keluarga;facilities;neg;3;0
1953;437;Menu breakfastnya banyak banget variasinya;service;pos;2;1
1953;438;ga ada yang bisa di bilang enak;service;neg;2;0
1953;439;Kolam renangnya kecil dan kandungan kaporitnya tinggi sekali;facilities;neg;3;0
1953;440;tapi pelayanannya bagus;service;pos;2;1
1953;441;staffnya juga ramah-ramah;service;pos;2;1
1953;442;Lokasinya tepat disebrang stasiun;location;pos;1;1
1953;443;dekat dengan jalan malioboro sehingga selalu ramai oleh wisatawan;location;pos;1;1
1954;444;pelayanan yang ramah bersih dan dekat dengan pusat keramaian malioboro dan sekitarnya;service;pos;2;1
1954;445;Makanan saat sarapan pagi pun sangat bervariasi;service;pos;2;1
1955;446;Desain hotelnya artistik;facilities;pos;3;1
1955;447;Kebersihan kamar bagus;room;pos;0;1
1955;448;Tempat tidur juga nyaman;room;pos;0;1
1956;449;staff ramah;service;pos;2;1
1956;450;kamar bersih;room;pos;0;1
1956;451;makanan enak dan sangat variatif pilihan menunya;service;pos;2;1
1957;452;Lokasi cukup strategis (dekat malioboro dan stasiun tugu);location;pos;1;1
1957;453;pelayanan ok;service;pos;2;1
1957;454;kamar bersih;room;pos;0;1
1957;455;kolam renang lumayan luas;facilities;pos;3;1
1957;456;Menu memang variatif tapi untuk rasa agak kurang;service;neg;2;0
1958;457;lokasi hanya 5 menit berjalan kaki dari stasiun tugu dan malioboro;location;pos;1;1
1958;458;Kolam renangnya bagus;facilities;pos;3;1
1959;459;padahal sudah ingin istirahat dan yang kedua mengenai tempat parkir masih sempit lahannya;facilities;neg;3;0
1960;460;Termasuk hotel baru dengan pilihan kamar yang bervariasi;facilities;pos;3;1
1960;461;restoran menyajikan menu yang beraneka;service;pos;2;1
1961;462;Hotel mewah dengan harga terjangkau;service;pos;2;1
1961;463;Lokasi sangat strategis;location;pos;1;1
1961;464;Pelayanan sangat ramah dan kamar sangat bersih dan nyaman;service;pos;2;1
1961;465;Selain dekat stasiun Tugu;location;pos;1;1
1961;466;Hotel ini juga dekat dengan pusat wisata Yogya;location;pos;1;1
1962;467;Reservasi yg cepat;service;pos;2;1
1962;468;permintaan untuk pembersihan kamar dgn cepat direspon oleh petugas;service;pos;2;1
1962;469;lokasi yg sangat amat dekat dgn jalan malioboro sehingga dgn hanya jalan kaki cepat sampai;location;pos;1;1
1963;470;Hotel ini dari luar tampak biasa dan ga terlalu besar tapi begitu masuk sangat nyaman;facilities;pos;3;1
1963;471;dekat juga ke stasiun tugu Dan malioboro;location;pos;1;1
1963;472;staff ramah;service;pos;2;1
1964;473;Kamarnya luas;room;pos;0;1
1964;474;ramah staf nya;service;pos;2;1
1964;475;dekat stasiun tugu;location;pos;1;1
1964;476;dekat malioboro;location;pos;1;1
1964;477;Menunya enak dan staff hotel ramah dan sangat membantu;service;pos;2;1
1965;478;Hotel Neo Malioboro sangat strategis lokasi nya;location;pos;1;1
1965;479;Pemandangan dari kamar view nya sangat bagus;room;pos;0;1
1965;480;Pelayanan para staff nya sangat baik dan ramah;service;pos;2;1
1965;481;Sarapan nya juga sangat beragam;service;pos;2;1
1966;482;Dekat dengan malioboro;location;pos;1;1
1966;483;pelayanan bagus;service;pos;2;1
1966;484;lokasi bagus;location;pos;1;1
1966;485;kebersihan jg ok;service;pos;2;1
1966;486;cuma kmrn menu sahur nya kurang bervariasi;service;neg;2;0
1967;487;Hotel yg sangat nyaman dan dekat dengan stasiun pintu selatan;location;pos;1;1
1967;488;di hotel makanan enak;service;pos;2;1
1968;489;Hotel Neo Malioboro lokasi sangat strategis terletak didepan Stasiun Tugu dekat dng jalan Malioboro;location;pos;1;1
1968;490;hotelnya sangat bersih;service;pos;2;1
1968;491;sarapan pagi beragam dan enak;service;pos;2;1
1968;492;pelayanan baik;service;pos;2;1
1969;493;semuanya bagus hanya pemandangan dr kamar yg tidak mendapat view yang bagus (ada pembangunan gedung di samping hotel);room;neg;0;0
1969;494;Menu sarapan bervariasi dan enak;service;pos;2;1
1970;495;kamarnyaa bersih bgt;room;pos;0;1
1970;496;pelayanannya ramah banget;service;pos;2;1
1970;497;breakfastnya lengkap dan enak semua;service;pos;2;1
1970;498;harganyaa juga pas dikantong;service;pos;2;1
1971;499;tenang menginap disini dan pelayanan staff nya pun ramah jdnya pasti klo di yogya menginap disini;service;pos;2;1
1971;500;Staff hotel sangat ramah sekali n cepat pelayanannya;service;pos;2;1
1971;501;Kamarnya pun luas;room;pos;0;1
1971;502;Makan pagi di hotel sangat bervariasi n enak pula;service;pos;2;1
1971;503;Dan ada kolam renang jika ingin berenang…;facilities;pos;3;1
1972;504;dekat dengan pusat jalan jalan malioboro;location;pos;1;1
1972;505;makanan overall oke;service;pos;2;1
1972;506;bersih dan bagus untuk fasilitasnya;facilities;pos;3;1
1972;507;staff pun ramah;service;pos;2;1
1973;508;lokasi dekat malioboro dan angkringan;location;pos;1;1
1973;509;pelayanan ramah;service;pos;2;1
1973;510;kamar bersih tidak bau;room;pos;0;1
1973;511;sarapan pagi banyak menunya dan enak2 semua mulai nasi;service;pos;2;1
1974;512;Dekat dengan malioboro;location;pos;1;1
1974;513;Pelayanan juga memuaskan;service;pos;2;1
1974;514;serta makanan untuk breakfast juga bermacam macam ?? pool juga luas dan ada kiddypool;service;pos;2;1
1974;515;Kamar tidak terlalu luas namun cukup untuk 3 orang;room;pos;0;1
1976;516;bersih;service;pos;2;1
1976;517;staff nya ramah;service;pos;2;1
1976;518;sarapan cukup bervariasi dan lengkap;service;pos;2;1
1976;519;lokasi yang strategis;location;pos;1;1
1976;520;dekat dengan Malioboro;location;pos;1;1
1976;521;cukup jalan kaki saja;location;pos;1;1
1977;522;Berada di lokasi yang sangat strategis;location;pos;1;1
1977;523;malioboro cukup dengan berjalan kaki saja;location;pos;1;1
1977;524;Variasi menu breakfast nya cukup lengkap dan banyak pilihan;service;pos;2;1
1977;525;Pelayanan staf cukup cekatan dan ramah;service;pos;2;1
1978;526;hotelnya bersih;service;pos;2;1
1978;527;dekat dengan malioboro;location;pos;1;1
1978;528;pelayannya ramah dan menyenangkan tapi sayang tempat parkir kurang luas;service;neg;2;0
1979;529;Kamar oke;room;pos;0;1
1979;530;pelayanan bagus;service;pos;2;1
1979;531;sarapan variasi;service;pos;2;1
1979;532;hanya kondisi kamar terlalu gelap menurutku kalau malam kurang lampu dan kamar mandi agak bau sepertinya saluran pembuangan tdk lancar menimbulkan bau g enak;room;neg;0;0
1980;533;disambut dengan keramahan resepsionis;service;pos;2;1
1980;534;kamar bagus;room;pos;0;1
1980;535;bersih;service;pos;2;1
1980;536;Sarapannya yang sangat memberikan kesan baik;service;pos;2;1
1981;537;Asyiknya kopi joss tiap malam bisa kita nikmati karena lokasi yg deket dengan hotel;location;pos;1;1
1982;538;Baru pertama menginap d hotel ini kamarnya bagus interiornya bagus nyaman juga dekat dengan pusat kota yaitu malioboro ikonnya kota jogja juga dekat dgn stasiun kereta api;location;pos;1;1
1982;539;pelayanan juga ramah;service;pos;2;1
1982;540;juga ada skylounge d lantai atas viewnya juga bagus;facilities;pos;3;1
1983;541;Hotel modern yang cukup bagus;facilities;pos;3;1
1983;542;interiornya juga bagus pelayanan hotel yang cepat staffnya juga ramah ramah semu;service;pos;2;1
1983;543;cuma waktu itu saya kecewa dengan breakfastnya yang menurut saya kurang enak;service;neg;2;0
1984;544;dan dugaan saya bemar pelayanan di hotel ini oke;service;pos;2;1
1984;545;musola juga bersih;facilities;pos;3;1
1984;546;hotel nyaman dekat dengan stasiun dan Malioboro;location;pos;1;1
1985;547;Lokasi dekat stasiun KA hanya sekitar 30m   dengan berjalan sudah sampai (kami dengan 2 anak kecil dan 2 koper besar);location;pos;1;1
1985;548;Tapi karena dekat dengan stasiun dan dekat ke ujung jln malioboro jadi depan hotel tidak pernah sepi dan suara kereta api selalu terdengar;location;neg;1;0
1985;549;tidak cocok jika membutuhkan ketenangan;service;neg;2;0
1985;550;Hotel bintang 3 dengan breakfast ok dengan banyak sekali variasi;service;pos;2;1
1986;551;Lokasi hotel sangat bagus;location;pos;1;1
1986;552;strategis;location;pos;1;1
1986;553;dekat dengan pusat wisata Malioboro dan pusat kuliner;location;pos;1;1
1986;554;Harga relatif sedikit lebih mahal karena lokasinya yang strategis;service;pos;2;1
1987;555;Mungkin karena hotel ini sangat dekat dengan objek belanja terkenal dijogja dengan rate yg terjangkau;location;pos;1;1
1987;556;Untuk kamar lumayan lah yah;room;pos;0;1
1987;557;Sempit sih tapi tempat tidurnya ckp luas untuk kami bertiga;room;pos;0;1
1987;558;Pelayanan biasa aja gak ada yg instimewa;service;pos;2;1
1987;559;Buat rasa makanannya enak;service;pos;2;1
1987;560;Kolam renang ukurannya kecil dan walau masih pagi panasnya menyengat bgt;facilities;neg;3;0
1988;561;Lokasi berada di tengah kota;location;pos;1;1
1988;562;dekat dengan kuliner jogja;location;pos;1;1
1988;563;kamar bersih dan nyaman;room;pos;0;1
1988;564;apalagi dengan staf hotel yang sangat ramah selalu memberikan senyum  dan salam;service;pos;2;1
1989;565;Lokasi hotel cukup strategis;location;pos;1;1
1989;566;dekat dengan stasiun kereta api Tugu;location;pos;1;1
1989;567;Pelayanannya bagus;service;pos;2;1
1989;568;breakfastnya lengkap dan enak makanannya;service;pos;2;1
1990;569;Letak hotel strategis dekat dengan stasiun kereta api tugu;location;pos;1;1
1990;570;Pelayanan bagus;service;pos;2;1
1990;571;kamar okey hanya kamar mandinya agak bau mungkin ada masalah di saluran pembuangannya;room;neg;0;0
1991;572;dekat banget;location;pos;1;1
1991;573;bersih;service;pos;2;1
1991;574;petugas nya ramah ramah;service;pos;2;1
1991;575;Sarapan nya enak;service;pos;2;1
1992;576;kamar cukup luas dgn fasilitas kamar yg standar Bintang 3;room;pos;0;1
1992;577;kru baik dan membantu;service;pos;2;1
1992;578;sarapan ok walaupun tempat kurang luas;service;pos;2;1
1992;579;kolam renang pilihan yang baik namun cukup kecil dan menyatu dgn area sarapan pagi;facilities;neg;3;0
1993;580;Lokasinya strategis banget;location;pos;1;1
1993;581;dekat sekali dengan kawasan Malioboro;location;pos;1;1
1993;582;Tempat bersih dan nyaman;service;pos;2;1
1993;583;furniture modern;facilities;pos;3;1
1993;584;fasilitas jaringan WiFi kuat sekali;facilities;pos;3;1
1993;585;staff hotel ramah dan helpfull;service;pos;2;1
1994;586;jalan malioboro juga dekat sekali;location;pos;1;1
1994;587;servicenya bagus dan ramah;service;pos;2;1
1994;588;makanannya enak enak;service;pos;2;1
1994;589;kolam renangnya juga cocok untuk anak anak Hanya kamar kurang kedap suara;facilities;neg;3;0
1995;590;Hotel sangat strategis;location;pos;1;1
1995;591;Kamar Hotel ini cukup nyaman ditempati;room;pos;0;1
1995;592;serta mushola untuk beribadah juga cukup luas;facilities;pos;3;1
1995;593;Kelengkapan hotel juga di bilang cukup;facilities;pos;3;1
1995;594;Untuk Breakfast juga lumayan enak dan banyak juga variasi makanan nya;service;pos;2;1
1995;595;So Far Good and Strategic Hotel;location;pos;1;1
1996;596;LOKASI STRATEGIS;location;pos;1;1
1996;597;ruang tunggu yang nyaman;facilities;pos;3;1
1996;598;lobby hotel yang sangat cozy;facilities;pos;3;1
1996;599;proses cek in pun sangat cepat;service;pos;2;1
1997;600;Secara umum lobi cukup nyaman dan welcome drink disediakan di lobi;facilities;pos;3;1
1997;601;Kamar cukup luas untuk kami dengan 2 anak kecil;room;pos;0;1
1997;602;Secara umum kami puas tinggal di sini ditambah akses ke Malioboro sangat dekat;location;pos;1;1
1998;603;Kamar hotelnya bagus;room;pos;0;1
1998;604;bersih;service;pos;2;1
1998;605;makanan cukup enak;service;pos;2;1
1998;606;letak hotelnya juga dekat dengan Malioboro jadi cukup jalan kaki sudah sampai Malioboro;location;pos;1;1
1998;607;Proses check in dan check out cepat;service;pos;2;1
1998;608;staf front office pria malah yang ramah;service;pos;2;1
1998;609;Untuk staf di restoran ada beberapa yang kurang ramah;service;neg;2;0
1999;610;Lokasi sangat strategies;location;pos;1;1
1999;611;dekat dengan stasiun dan malioboro;location;pos;1;1
1999;612;Pelayanan staff sangat ramah dan membantu;service;pos;2;1
1999;613;Harga yg ditawarkan sesuai dgn fasilitas yg diberikan;service;pos;2;1
1999;614;Musholla dan toilet yang sangat bersih juga tersedia bagi tamu dan staff;facilities;pos;3;1
2000;615;Lokasinya oke banget;location;pos;1;1
2000;616;Karyawannya keren bagian resepsionis mbaknya pake wig warna silver;service;pos;2;1
2000;617;Kamar dan kamar mandi bersih;room;pos;0;1
2000;618;Dekat juga kalau mau cari makanan dan oleh2;location;pos;1;1
2001;619;Lokasi sangat strategis;location;pos;1;1
2001;620;dekat dengan stasiun Tugu;location;pos;1;1
2002;621;Proses cek in cepat;service;pos;2;1
2002;622;Kamar cukup luas dan kolam renangnya duhh keren bgttttt;room;pos;0;1
2002;623;Kolam renang semuanya mantap;facilities;pos;3;1
2003;624;Hotel Neo Malioboro letaknya sangat strategis dekat dengan stasiun kereta api dan di pusat keramaian kota seperti jalan malioboro;location;pos;1;1
2003;625;Kebersihan kamar cukup lumayan dan terdapat fasilitas kolam renang di lantai 2 yang bisa digunakan untuk relax bersama kerabat ataupun keluarga begitu juga untuk sarapan pagi bersebelahan dengan kolam renang tersebut;facilities;pos;3;1
2003;626;Silahkan bagi anda yang berkunjung ke yogya hotel neo malioboro dapat menjadi alternatif pilihan karena letaknya sangat strategis;location;pos;1;1
2005;627;Rasa juga oke;service;pos;2;1
2005;628;Staff ramah2 n helpful;service;pos;2;1
2006;629;Hotel ini terletak sangat strategis di jantung kota yogyakarta;location;pos;1;1
2006;630;dekat dengan stasiun kereta api dan di pusat keramaian kota seperti jalan malioboro;location;pos;1;1
2006;631;Sebagaimana kelas di hotel bintang tiga hotel ini memberikan pelayanan yang cukup baik dan ramah di tengah kondisi yang cukup banyak pengunjung di hari raya lebaran;service;pos;2;1
2006;632;Kebersihan kamar cukup lumayan dan terdapat fasilitas kolam renang di lantai 2 yang bisa digunakan untuk relax bersama kerabat ataupun keluarga begitu juga untuk sarapan pagi bersebelahan dengan kolam renang tersebut;facilities;pos;3;1
2006;633;Silahkan bagi anda yang berkunjung ke yogya hotel neo malioboro dapat menjadi alternatif pilihan karena letaknya sangat strategis;location;pos;1;1
2007;634;Kamar bersih;room;pos;0;1
2007;635;dan yang penting handuknya seperti masih baru;facilities;pos;3;1
2007;636;handuknya kelihatan sudah lama;facilities;neg;3;0
2007;637;Lokasi hotel juga sangat strategis;location;pos;1;1
2007;638;dekat dengan statsiun Yogya dan kawasan Malioboro;location;pos;1;1
2008;639;dekat dengan Parkir an Motor dan ujung utara Malioboro;location;pos;1;1
2008;640;hanya lokasi sangat strategis;location;pos;1;1
2008;641;Menu Breakfast dan pelayanan Standard;service;pos;2;1
2009;642;Pealayanan bagus;service;pos;2;1
2009;643;frontliner-nya ramah;service;pos;2;1
2009;644;kamar nyaman dan fasilitasnya lengkap;room;pos;0;1
2009;645;Lokasi dekat dengan stasiun Tugu dan Jl Malioboro;location;pos;1;1
2010;646;Lokasi hotel yg dekat dengan malioboro street maupun ke tugu dan alun2;location;pos;1;1
2010;647;bersih;service;pos;2;1
2010;648;Namun tv kabel sedikit susah pengoperasianya;facilities;neg;3;0
2011;649;Enak dekat stasiun;location;pos;1;1
2011;650;Dekor lobby hotel yang wangi pertama kali masuk kmrn dan cantik untuk foto foto2;facilities;pos;3;1
2011;651;makanan paginya enak2 terutama jajanan pasarnya;service;pos;2;1
2011;652;kamar saya ambil yang deluxe non smoking di lt 5 cukup menyenangkan;room;pos;0;1
2011;653;kamar bersih;room;pos;0;1
2011;654;rapi hanya krn dekat stasiun spanjang malam suka terdengar suara keretanya dan ruang tidak kedap suara jadi orang berisik di lorong room terdengar sampai kamar;room;neg;0;0
2012;655;Hotel Neo Malioboro ini tempatnya sangat strategis;location;pos;1;1
2012;656;tepat di area Malioboro;location;pos;1;1
2012;657;sangat dekat dengan stasiun kereta api Tugu Yogyakarta;location;pos;1;1
2012;658;banyak transportasi umum di dekat sini dan ke Malioboro bisa hanya dengan berjalan kaki;location;pos;1;1
2013;659;Lokasinya yg sangat strategis yaitu depan pintu keluar Stasiun Tugu & dekat Malioboro tentu nilai plus hotel ini bagi wisatawan saat berkunjung ke Jogja;location;pos;1;1
2013;660;Kamarnya cukup luas & sabunnya wangi sekali;room;pos;0;1
2013;661;Saat breakfaat menunya cukup lengkap bahkan jajanan khas pasar tersedia;service;pos;2;1
2014;662;hotel yang dimana dekat dengan stasiun kereta & akses jalan jalan ke maliobor pun sangatt dekatt dan terjangkau;location;pos;1;1
2014;663;kamarnya bersih;room;pos;0;1
2014;664;enaakk bangeettt;service;pos;2;1
2014;665;sangatt sangatt ramah;service;pos;2;1
2015;666;hotel yang dekat dengan ikon kota yogya;location;pos;1;1
2015;667;karyawan ramah ramah;service;pos;2;1
2015;668;kamar bersih dan nyaman;room;pos;0;1
2015;669;"makanannya enak  yg lebih  enak adalah hidangan ""sampingannnya""";service;pos;2;1
2016;670;Hotel dengan pelayanan yang terbaik;service;pos;2;1
2016;671;dengan fasilitas kamar super modern;facilities;pos;3;1
2016;672;dan lokasi yang sangat mudah dijangkau;location;pos;1;1
2017;673;kamarnya nyaman sekali dan ada jendelanya;room;pos;0;1
2017;674;selain kamar makanannya juga banyak variasinya di tambah ada kolam renangnya;service;pos;2;1
2017;675;akses menuju ke sini sangat mudah dan strategis;location;pos;1;1
2018;676;Hotel ini bintang 3 yang berlokasi sangat strategis yaitu didepan stasiun Yogya;location;pos;1;1
2018;677;Kamar nyaman dan lengkap dengan aminities;room;pos;0;1
2018;678;Makanan breakfast juga bagus untuk kualitas bintang 3;service;pos;2;1
2019;679;kamar cukup bersih;room;pos;0;1
2019;680;lokasinya strategis karena cukup dekat dari station kereta api dan pusat keramaian Malioboro;location;pos;1;1
2019;681;meskipun kolam renangnya sangat minimalis tapi saya sempat dinner di rooftop hotel Neo sambil menikmati indahnya kota yogya dimalam hari;facilities;pos;3;1
2020;682;Resepsionis ramah Kamar nyaman rapi sejuk;service;pos;2;1
2020;683;Kolam renang bersih;facilities;pos;3;1
2020;684;Cek in dan cek out cepet banget;service;pos;2;1
2020;685;Toilet bersih Breakfast banyak menu pilihan mulai dari menu luar negeri sampai indonesia ada loh;service;pos;2;1
2021;686;bersih;service;pos;2;1
2021;687;jaraknya juga sangat dekat ke jalan Malioboro kurang lebih sekitar 5 menit;location;pos;1;1
2022;688;Makanan ok;service;pos;2;1
2022;689;Kamar ok;room;pos;0;1
2022;690;Receptionis masih perlu lebih ramah;service;neg;2;0
2022;691;Lampu kamar kurang terang;facilities;neg;3;0
2023;692;Tingkatkan terus kualitas pelayanan sehingga custumer tidak bisa berpaling ke hotel lain Tempat yang strategis di tengah kota dekat sarana transportasi merupakan pilihan yang  terbaik bagi custumer untuk perjalanan bisnis dan rekreasi;location;pos;1;1
2024;693;Pilihan menginap di Neo karena lokasinya strategis dan akses mudah kemanapun jalan kaki di sekitaran;location;pos;1;1
2024;694;interior ruangan cukup asik;facilities;pos;3;1
2024;695;Cukup menarik kamarnya;room;pos;0;1
2024;696;hidangannya sangat beragam dan pastinya kuliner lokal tidak…;service;pos;2;1
2025;697;room nya luas ada 2 led tv dan sofa;room;pos;0;1
2025;698;sangat nyaman sekali kamarnya;room;pos;0;1
2025;699;apalagi dekat dengan pusat kota dan malioboro;location;pos;1;1
2026;700;Lokasi hotel ini cukup dekat dengan jalan malioboro;location;pos;1;1
2026;701;cukup dengan berjalan kaki maka anda akan sampai di ujung awal jalan malioboro;location;pos;1;1
2026;702;yakni sempitnya area restoran sehingga ketika waktu sarapan kurang kondusif karena kecenderungan menumpuknya jumlah orang di saat yang sama dan tidak dapat diakomodir di lokasi;facilities;neg;3;0
2027;703;dengan lokasi yang strategis dan fasilitas lengkap;location;pos;1;1
2027;704;Ke Malioboro juga sangat dekat;location;pos;1;1
2028;705;Hotel cukup baik dan dekat dengan keramaian;location;pos;1;1
2028;706;pelayanan baik;service;pos;2;1
2029;707;pelayanan staf hotel baik;service;pos;2;1
2029;708;sarapan variatif dan enak Minusnya parkiran mobil terbatas dan karena lokasi depan stasiun tugu;facilities;neg;3;0
2030;709;Kamar bersih;room;pos;0;1
2030;710;lokasi strategis;location;pos;1;1
2030;711;Dekat stasiun;location;pos;1;1
2030;712;Hanya menu sarapan saja mungkin dibuat lebih bervariasi lagi setiap harinya;service;neg;2;0
2031;713;variatif, enak,  terbatas;service;pos;2;1
2031;714;kamar bersih & ac yg dingin;room;pos;0;1
2031;715;hanya chanel tv yg kurang lengkap;facilities;neg;3;0
2031;716;Karyawan yg ramah dan yg terakhir menu breakfast sangat sangat memuaskan (awesome);service;pos;2;1
2032;717;Tempat yg bgs dkat malioboro & dkat angkringan kopi joss;location;pos;1;1
2033;718;Lokasi strategis;location;pos;1;1
2033;719;dekat malioboro;location;pos;1;1
2033;720;bersih nyaman;service;pos;2;1
2033;721;service memuaskan;service;pos;2;1
2033;722;kolam renang bagus;facilities;pos;3;1
2033;723;sarapan banyak pilihan;service;pos;2;1
2033;724;mudah dijangkau dengan segala macam kendaraan;location;pos;1;1
2034;725;I love this ambience and hope will be back soon ?? FO yang ramah dan sigap saat check in dan check out;service;pos;2;1
2034;726;suasana kamar yang sangat nyaman dan lokasi yang dekat dengan lingkungan malioboro dan stasiun tugu;room;pos;0;1
2035;727;lokasi hotel sangat dekat dengan malioboro (bisa jalan kaki) dan berada di dekat pintu keluar stasiun yogyakarta;location;pos;1;1
2035;728;resepsionis sangat ramah;service;pos;2;1
2035;729;makanan enak dan beragam;service;pos;2;1
2036;730;cukup berjalan kaki sedikit sudah sampai ke Jl;location;pos;1;1
2036;731;Juga dekat dengan stasiun KA dan cukup mudah/dekat ke tempat2 lainnya di dalam kota;location;pos;1;1
2036;732;Kamar nyaman dengan kelengkapan standar hotel;room;pos;0;1
2036;733;ada kolam renang yang cukup besar dengan kolam dangkal untuk anak di bagian pojok;facilities;pos;3;1
2036;734;Menu sarapannya cukup lengkap di ruang restoran yg cukup besar;service;pos;2;1
2036;735;pilihan minuman jamunya juga enak segar;service;pos;2;1
2036;736;Pelayanan cukup ramah;service;pos;2;1
2037;737;sy cukup puas dgn pelayanannya  kecuali kejadian pd dini hari dmn ada org yg ingin membuka kamar saya berkali2 membuat sy takut dan memilih utk tdk nginap lagi di hotel ini;service;neg;2;0
2038;738;dan dekat dengan malioboro;location;pos;1;1
2038;739;Kamarnya luas;room;pos;0;1
2038;740;sarapan enak;service;pos;2;1
2038;741;rooftop keren;facilities;pos;3;1
2038;742;kolam renang bagus;facilities;pos;3;1
2039;743;Untuk lokasi sangat suka karna dekat malioboro;location;pos;1;1
2039;744;kamarnya agak temaram yah lampunya;room;neg;0;0
2039;745;untuk makanan ringannya enak;service;pos;2;1
2039;746;agak kurang di makanan utamanya aja;service;neg;2;0
2040;747;deket malioboro;location;pos;1;1
2040;748;deket stasiun tugu jg;location;pos;1;1
2040;749;sarapan byk pilihan;service;pos;2;1
2040;750;staff ramah;service;pos;2;1
2040;751;harga sesuai dg fasilitas;service;pos;2;1
2041;752;Berada di tengah kota tepatnya di depan stasiun tugu dan sangat dekat dengan jalan Malioboro;location;pos;1;1
2041;753;Cukup nyaman dan breakfast sangat lengkap;service;pos;2;1
2041;754;Kalo ada kekurangan adalah penggunaan tv cukup rumit dan channelnya sangat terbatas;facilities;neg;3;0
2042;755;Hotelnya dekat dengan pusat perbelanjaan dan dekat dengan stasiun kereta;location;pos;1;1
2042;756;Staff nya ramah;service;pos;2;1
2042;757;kamar bersih;room;pos;0;1
2042;758;hotel ini nyaman dan wi fi top;facilities;pos;3;1
2043;759;bersih;service;pos;2;1
2043;760;dekat dengan malioboro dan tempat makan;location;pos;1;1
2043;761;pelayanan baik dan memuaskan;service;pos;2;1
2043;762;makanan nya katanya enak;service;pos;2;1
2044;763;luas kamar sangat mencukupi;room;pos;0;1
2044;764;Pelayanan : - Cepat;service;pos;2;1
2044;765;ramah;service;pos;2;1
2044;766;lumayan buat naruh barang selama jalan-jalan - Semua petugasnya ramah dan murah senyum  Makanan : - Murah banget untuk ukuran hotel;service;pos;2;1
2044;767;dan semuanya enak);service;pos;2;1
2044;768;Fasilitas : - Kolam Renang -> bagus;facilities;pos;3;1
2044;769;tapi kecil - Pemandangan dari Sky Lounge yang lumayan OK - Parkir Luas - Lobby kecil -> mungkin perlu diperluas;facilities;pos;3;1
2045;770;lokasi sangat dekat malioboro (5 menit jalan sampe);location;pos;1;1
2045;771;design kamar minimalis&modern;room;pos;0;1
2045;772;nyaman dan bersih;service;pos;2;1
2045;773;walaupun lokasi dekat dengan malioboro tapi suasana terasa tenang dan tidak terasa ramai;location;pos;1;1
2046;774;Makanan kacang ijonya terlalu manis;service;neg;2;0
2046;775;pelayanan bagus;service;pos;2;1
2047;776;Kamarnya luas;room;pos;0;1
2047;777;sangat dekat dengan tempat wisata lainnya;location;pos;1;1
2048;778;Lokasi strategis;location;pos;1;1
2048;779;akses jalan cukup banyak sehingga tidak terjebak dalam kemacetan Jogya;location;pos;1;1
2048;780;staf dan karyawan ramah;service;pos;2;1
2048;781;kamar tidur nyaman dan bersih;room;pos;0;1
2049;782;Lokasinya yang sangat strategis (dekat dengan stasiun dan Malioboro);location;pos;1;1
2049;783;Service housekeepingnya juga memuaskan;service;pos;2;1
2049;784;Kondisi ruangan bersih dan elegan;room;pos;0;1
2049;785;Staff hotelnya pun ramah;service;pos;2;1
2049;786;serta tersedia mushola yang bersih dan nyaman di hotel;facilities;pos;3;1
2050;787;Staf tidak kaku/fleksible dan humanis;service;pos;2;1
2050;788;Sarapan enak dan View sarapan bagus sampingnya kolam renang;service;pos;2;1
2050;789;Kamar mandi elegan dan  kondisi sangat bersih dan lengkap didalamnnya sampe ada hair driey segala;room;pos;0;1
2051;790;lokasi strategis dekat dengan pusat kota (seperti malioboro;location;pos;1;1
2051;791;Kebersihannya cukup bersih;service;pos;2;1
2051;792;Kamar mandi juga bersih;room;pos;0;1
2052;793;Pertahankan service semuanya aku pasti akan kembali lagi kalau ke jogja tempatnya strategis breakfast sangat enak roomnya recommended tapi sayang poolnya tutup jam 6 malam kalau poolnya tutup jam 10 malam pasti enak;service;pos;2;1
2053;794;Lokasi strategis di pusat kota;location;pos;1;1
2053;795;Hotel dengan pelayanan yg baik;service;pos;2;1
2054;796;lokasi strategis dekat dengan malioboro dan stasiun tugu;location;pos;1;1
2054;797;makanan agak kurang terasa bumbunya;service;neg;2;0
2054;798;AC di kamar kurang dingin;room;neg;0;0
2054;799;petugas ramah ramah dan hotel bersih;service;pos;2;1
2055;800;Great hotel krna dekat dengan stasiun kereta;location;pos;1;1
2056;801;Wisata liburan kami bersama keluarga inti di hotel Neo Malioboro kurang merasakan kenyamanan Untuk lokasi hotel sangat strategis Hanya lt kamar kurang bersih & suara sirene kereta api terdengar jelas shg tidur terganggu;room;neg;0;0
2057;802;Lokasi strategis;location;pos;1;1
2057;803;bersih;service;pos;2;1
2057;804;makanan beragam;service;pos;2;1
2057;805;pelayanan sangat baik dan cepat;service;pos;2;1
2057;806;peralatan baik & lengkap;facilities;pos;3;1
2058;807;Semua pelayanan dan kebersihan hotelnya bagus;service;pos;2;1
2058;808;waktu itu mau tahun baru jadi untuk check in agak lama;service;neg;2;0
2058;809;makanannya juga banyak menunya dan juga enak;service;pos;2;1
2059;810;Jika ingin jalan kekota Yogyakarta maka menginaplah di NEO hotel karena selain fasilitasnya yang sangat memuaskan serta seluruh pelayanan dan service yang luar biasa bagus;service;pos;2;1
2060;811;Awalnya aga kecewa ketika sampai hotel petugas tdk ada yg standby tapi stlh sdkt melotot satpam lsg bergegas menyambut;service;neg;2;0
2060;812;cek in cepat;service;pos;2;1
2060;813;hotel bersih nyaman;service;pos;2;1
2061;814;Letak hotel sangat strategis;location;pos;1;1
2061;815;kamar bersih dan nyaman;room;pos;0;1
2061;816;Untuk makanan juga sangat lengkap dan rasa cukup enak;service;pos;2;1
2061;817;Pelayanan cukup baik namun ada yang sedikit mengganggu untuk koneksi internet masih kadang - kadang naik turun;facilities;neg;3;0
2062;818;pelayanan baik;service;pos;2;1
2062;819;tempat parkir terbatas;facilities;neg;3;0
2062;820;dekat dgn pusat keramaian;location;pos;1;1
2062;821;lobby yang kecil;facilities;neg;3;0
2062;822;dekat dgn stasiun kereta;location;pos;1;1
2062;823;chanel tv yg bagus;facilities;pos;3;1
2062;824;kolam renang yg kecil;facilities;neg;3;0
2063;825;makan enak;service;pos;2;1
2063;826;Tempat makan dekat kolam renang jadi mudah kalo laper;facilities;pos;3;1
2063;827;Kamar bersih;room;pos;0;1
2063;828;Deket sama malioboro;location;pos;1;1
2063;829;kemana2 deket;location;pos;1;1
2063;830;Deket stasiun jadi mudah pas mau naik karena;location;pos;1;1
2064;831;dan strategis lokasinya hanya sedikit kurang dalam pelayanan House keeoing dimana sy chek in handuk lantai/kesed tidak tersedia;facilities;neg;3;0
2064;832;shg saat keluar dari kamar mandi lantai kamar menjadi basah dan becek;facilities;neg;3;0
2065;833;saya yang sudah berdomisili di Jogja selama kurang lebih 4 tahun sangat berterimakasih atas pelayanan untuk Ibu saya yang memuaskan di penghujung tahun 2016 ini;service;pos;2;1
2066;834;Puas dengan layanannya;service;pos;2;1
2066;835;lokasi yang sangat strategis dengan pusat belanja dan stasiun;location;pos;1;1
2067;836;Breakfast oke hanya kue kuenya keras dan juga lauk ayam goreng menteganya keras;service;neg;2;0
2068;837;Yaitu dengan kamar yg bersih;room;pos;0;1
2068;838;pelayanan memuaskan;service;pos;2;1
2068;839;dan sarapan yang variatif dan enak;service;pos;2;1
2068;840;Lokasinya yang sangat dekat dengan malioboro dan hanya beberapa langkah ke stasiun Tugu membuat kami nyaman bepergian;location;pos;1;1
2068;841;Dan semua benefit di atas saya dapatkan dengan harga yang relatif  murah;service;pos;2;1
2069;842;Pelayanan ramah dan resepsionis siap membantu 24jam;service;pos;2;1
2069;843;Menu sarapan beragam dan di sky lounge pun juga makanan enak dan komplit;service;pos;2;1
2070;844;Kamar bersih dan nyaman;room;pos;0;1
2070;845;Kamar mandi juga beraih;room;pos;0;1
2070;846;begitu juga dengan petugasnya sangat ramah;service;pos;2;1
2070;847;Kekurangannya hanya di lokasi hotel yang sangat dekat dengan stasiun sehingga suara kereta sedikit mengganggu;location;neg;1;0
2071;848;dan kembali saya memilih hotel neo pasar kembang krn dekat dgn Malioboro dan tetap dekat dgn pekerjaan saya;location;pos;1;1
2071;849;Suasana yg tetap terjaga bersih;service;pos;2;1
2071;850;nyaman dan ramah;service;pos;2;1
2071;851;Kamar yg bersih dan nyaman;room;pos;0;1
2071;852;Hiburan tv yg lengkap dan kolam renang dgn good view;facilities;pos;3;1
2071;853;Makanan juga lumayan;service;pos;2;1
2072;854;Lokasinya dekat dengan kota Jogja;location;pos;1;1
2072;855;Kemudahan itu juga diperoleh dari adanya fasilitas penjemputan serta pelayanan yang ramah;facilities;pos;3;1
2072;856;Ruangan nya modern dan kekinian;facilities;pos;3;1
2074;857;Makanan nya enak;service;pos;2;1
2074;858;tempat nya deket ke pusat kota;location;pos;1;1
2074;859;service nya bagus;service;pos;2;1
2074;860;kamar nya nyaman;room;pos;0;1
2074;861;kebersihan nya top;service;pos;2;1
2074;862;Staf nya ramah dan cepat;service;pos;2;1
2075;863;saya sangat nyaman sekalia menginap di neo hotel karena tempatnya juga sangat strategis sekali;location;pos;1;1
2075;864;parkir mobil juga sangat bagus;facilities;pos;3;1
2076;865;Hotel bersih makanan enak dekat stasiun deket malioboro pelayanan bagus;service;pos;2;1
2076;866;Kru petugas ramah;service;pos;2;1
2076;867;Menu sarapan bervariasi;service;pos;2;1
2076;868;Wifi kencang cepat;facilities;pos;3;1
2077;869;Pelayanan yang baik;service;pos;2;1
2077;870;kamar bersih;room;pos;0;1
2077;871;hotel ini juga dekat dengan malioboro dan stasiun tugu;location;pos;1;1
2077;872;sarapan juga bervariasi lalu harga bersahabat;service;pos;2;1
2078;873;Pelayanan bagus;service;pos;2;1
2078;874;Sarapan enak tp menu itu2 aja selama 3 hari saya menginap;service;pos;2;1
2078;875;Pelayanan kamar agak lama respon nya;service;pos;2;1
2078;876;Koneksi internet suka terputus;facilities;neg;3;0
2078;877;Siaran tv kabel nya kurang berfungsi dengan baik;facilities;neg;3;0
2079;878;lokasi hotel strategis ddpn stasiun Tugu;location;pos;1;1
2079;879;sangat dekat dgn Jalanan Malioboro;location;pos;1;1
2079;880;Kamar cukup luas;room;pos;0;1
2079;881;Service RAMAH;service;pos;2;1
2079;882;Fasilitas lumayan lengkap;facilities;pos;3;1
2079;883;sarapan variatif dan enak;service;pos;2;1
2080;884;Hotel dekat malioboro;location;pos;1;1
2080;885;parkir oke;facilities;pos;3;1
2080;886;kamar cukup luas;room;pos;0;1
2080;887;sarapa oke banyak macamnya;service;pos;2;1
2080;888;cek in cepat;service;pos;2;1
2080;889;chanel tv kurang banyak axn dan serial lainnya tidak ada;facilities;neg;3;0
2080;890;kamar bersih;room;pos;0;1
2081;891;Balik ke sana krn breakfastnya yg selalu variatif;service;pos;2;1
2081;892;pelayannya ramah2;service;pos;2;1
2081;893;room bersih cuma kurang jenis room yg utk family aja yg bs 4 orang;room;pos;0;1
2082;894;fasilitasnya TOP deh;facilities;pos;3;1
2082;895;Mudah dijangkau;location;pos;1;1
2082;896;Dekat dengan mailoboro;location;pos;1;1
2083;897;Pelayanan juga baik  Kamar bersih Wifi lancar tidak trobel Letak strategis dengan pusat kota Makanany juga enak-enak Proses cek in dan cek out cepat Akan jadi hotel favorit setiap berlibur ke yogyakarta;service;pos;2;1
2084;898;dekat dengan wisata yg terkenal di jogja;location;pos;1;1
2084;899;Untuk kmar bagus;room;pos;0;1
2084;900;bersih;service;pos;2;1
2084;901;servis bagus untuk staff;service;pos;2;1
2084;902;Interior bgus;facilities;pos;3;1
2085;903;bersih dan yang paling penting ada kran dikamar mandi bisa buat berwudhu;room;pos;0;1
2085;904;makanan enak;service;pos;2;1
2085;905;dekat dengan stasiun dan malioboro;location;pos;1;1
2085;906;harga terjangkau;service;pos;2;1
2085;907;pelayanan ramah;service;pos;2;1
2086;908;check in cepat dan sesuai dg permintaan yang tertulis di agoda;service;pos;2;1
2086;909;breakfast cukup lengkap dan menyediakan baby chair that I need (thanks a lot);service;pos;2;1
2086;910;that's helpfull dan harganya masih wajar untuk lokasi yang hanya sejauh koprol dari kamar ke Nmart;location;pos;1;1
2087;911;Hotel neo tempatnya lumayan enak;location;pos;1;1
2087;912;karna posisi hotel dekat dgn malioboro &pas dipusat kota;location;pos;1;1
2087;913;pelayanan ramah;service;pos;2;1
2087;914;hanya sarapannya agar lebih bervariasi agar tamu tdk jenuh dgn menu makanan;service;neg;2;0
2088;915;bersih;service;pos;2;1
2088;916;makanan nya enak dan harga Terjangkau  dan banyak fasilitas nya;service;pos;2;1
2088;917;pelayanannya memuaskan;service;pos;2;1
2088;918;sky lounges nya bagus;facilities;pos;3;1
2088;919;kolam renangnya bagus;facilities;pos;3;1
2088;920;kamarnya sangat bersih;room;pos;0;1
2088;921;bar nya bagus;facilities;pos;3;1
2090;922;lokasi strategis;location;pos;1;1
2090;923;tapi sayang kamar agak kurang bersih ( berasa debu);room;neg;0;0
2090;924;pelayanan bagus;service;pos;2;1
2091;925;DImulai dengan sambutan hangat oleh security diteras hotel;service;pos;2;1
2091;926;ruang hotel yang nyaman serta respons yang cepat terhadap keluhan dan permintaan tamu;service;pos;2;1
2091;927;Menu sarapan yang lezat dan proses checkout yang baik;service;pos;2;1
2092;928;dimulai dr pelayanan yg ramah;service;pos;2;1
2092;929;ruangan kamar yg menyenangkan bersih;room;pos;0;1
2092;930;kolam renang nya bagus;facilities;pos;3;1
2092;931;dan makanannya itu lezat banget bervariasi lg;service;pos;2;1
2093;932;rasa nya pun sungguh nikmat di banding makanan yg disediakan di hotel ina garuda;service;pos;2;1
2094;933;dimulai dr pelayanan yg ramah;service;pos;2;1
2094;934;ruangan kamar yg menyenangkan bersih;room;pos;0;1
2094;935;kolam renang nya bagus;facilities;pos;3;1
2094;936;dan makanannya itu enaaaaaaak banget bervariasi lg;service;pos;2;1
2095;937;Tempatnya strategis;location;pos;1;1
2095;938;dekat ke mana2;location;pos;1;1
2095;939;dekat stasiun;location;pos;1;1
2095;940;Ada musholla yg nyaman;facilities;pos;3;1
2096;941;Yang saya suka adalah tempatnya sangat strategis;location;pos;1;1
2096;942;dan untuk fasilitasnya lengkap;facilities;pos;3;1
2096;943;tempat makan sarapanpun sangat banyak varian menu;service;pos;2;1
2097;944;dekat station kereta api pemandangan lalu lalang kereta di station;location;pos;1;1
2097;945;dekat malioboro;location;pos;1;1
2097;946;Air kolam renang bersih;facilities;pos;3;1
2097;947;Pelayanan ramah;service;pos;2;1
2097;948;sopan dan terpenting cpt tanggap;service;pos;2;1
2098;949;Makananya enak buah-buahannya fresh;service;pos;2;1
2098;950;kamarnya rapi dan bersih;room;pos;0;1
2098;951;pelayananya sangat ramah dan cepat;service;pos;2;1
2098;952;Kolam renangnya huga bersih;facilities;pos;3;1
2099;953;Bersih;service;pos;2;1
2099;954;staf yang ramah;service;pos;2;1
2099;955;dekat dengan pusat perbelanjaan di jogja;location;pos;1;1
2099;956;makanan nya enak dan banyak macam;service;pos;2;1
2100;957;kelebihan hotel ini dekat dengan jalan malioboro dan stasiun tugu;location;pos;1;1
2100;958;kamar bersih dan tak berbau;room;pos;0;1
2100;959;pelayanan ramah;service;pos;2;1
2100;960;makanan dan minuman banyak pilihan modern dan tradisional;service;pos;2;1
2100;961;kekedapan kamar kurang karena masih terdengar suara dari kamar sebelah;room;neg;0;0
2101;962;Harga terjangkau;service;pos;2;1
2101;963;Sarapan bervariasi;service;pos;2;1
2101;964;Cs nya ramah;service;pos;2;1
2101;965;kamar juga bersih Dan yang paling penting lokasi deket bgt sama malioboro;location;pos;1;1
2102;966;hotel ini nyaman dan strategis letaknya;location;pos;1;1
2102;967;sarapan yang disajikan sangat bervariasi;service;pos;2;1
2102;968;kamarnya bersih dan luas;room;pos;0;1
2103;969;Letaknya yang strategis dekat dengan malioboro dan stasiun tugu menjadi salah satu nilai tambah untuk hotel Neo Malioboro;location;pos;1;1
2103;970;Makanannya juga enak;service;pos;2;1
2103;971;Hanya saja karena letaknya dekat dengan stasiun;location;neg;1;0
2104;972;Hotel dekat stasiun tugu;location;pos;1;1
2104;973;mudah di jangkau;location;pos;1;1
2104;974;pelayanan ramah;service;pos;2;1
2104;975;koridor kamar bersih tidak gelap;room;pos;0;1
2105;976;Proses chek in nya sangat baik dan beretika;service;pos;2;1
2106;977;Neo Malioboro terletak sangat dekat dengan malioboro;location;pos;1;1
2106;978;Restonya sering menyajikan dessert yang beragam dari yang khas Jogja seperti tiwul;service;pos;2;1
2106;979;jadi di Neo malioboro itu akses kemana-mananya ga pake repot;location;pos;1;1
2107;980;Dekat dengan tempat wisata malioboro dan juga berada di pusat kotanya;location;pos;1;1
2107;981;Sangat mudah bila ingin bepergian kemanapun;location;pos;1;1
2107;982;Sarapan yg enak dengan bermacam pilihan;service;pos;2;1
2107;983;Pelayan ny ramah;service;pos;2;1
2108;984;Lokasi hotel cukup dekat malioboro;location;pos;1;1
2108;985;seluruh pelayanan cukup memuaskan termasuk sarapannya;service;pos;2;1
2108;986;Hanya saja akses internet sangat lambat dan kamar tidak kedap suara sehingga obrolan diluar terdengar ke kamar;facilities;neg;3;0
2109;987;Lebih ditingkatkan lagi pelayanan nyaa dan menyediakan transport dengan mudah untuk tamu berpergian;service;neg;2;0
2109;988;keamanan ditingkatkan bila perlu ada security yg setiap jam nya keliling hotel;service;neg;2;0
2110;989;tempat yang strategis;location;pos;1;1
2110;990;menu sarapan lengkap;service;pos;2;1
2110;991;kualitas pelayanan ok;service;pos;2;1
2111;992;Kamarnya bersih;room;pos;0;1
2111;993;karyawan ramah;service;pos;2;1
2111;994;hotel strategis dekat dengan malioboro dan stasiun;location;pos;1;1
2111;995;makanan enak;service;pos;2;1
2112;996;pelayanan ok;service;pos;2;1
2112;997;kebersihan kurang;service;neg;2;0
2112;998;sarapan juga kurang variatif;service;neg;2;0
2112;999;kamar tidak kedap suara;room;neg;0;0
2112;1000;wifi nya juga ga sampe di kamar;facilities;neg;3;0
2112;1001;lokasinya strategis di pusat kota;location;pos;1;1
2113;1002;Hotelnya strategis dekat stasiun n malioboro;location;pos;1;1
2113;1003;bagus;service;pos;2;1
2113;1004;bersih;service;pos;2;1
2113;1005;breakfast lengkap n banyak pilihan;service;pos;2;1
2113;1006;Staffnya ramah;service;pos;2;1
2114;1007;Hotel ini terletak sangat strategis di dekat malioboro yg merupakan destinasi wisata utama di yogyakarta dan terletak persis diseberang stasiun Tugu pintu selatan jadi bagi anda yg bepergian naik Kereta api tdk perlu lagi naik transportasi lainnya utk menuju ke hotel ini hanya tinggal menyeberang saja;location;pos;1;1
2114;1008;Kebersihan nya cukup baik dan kamarnya cukup nyaman dgn Wifi dan Tv Chanel;room;pos;0;1
2114;1009;Sarapan paginyapun cukup komplit dari makanan indonesia;service;pos;2;1
2114;1010;di roofnya ada cafe dan restorant yg menyajikan pemandangan ke arah yogya dan malioboro sangat enak utk anda bersantai bersama pasangan menikmati sore dan bila beruntung melihat matahari terbenam dgn angin yg sejuk dan suasana jogja yg…;facilities;pos;3;1
2115;1011;Selain lokasinya yang sangat strategis berada di Malioboro;location;pos;1;1
2115;1012;menarik dan sangat menggambarkan hotel yang modern;facilities;pos;3;1
2116;1013;lokasi hotel yang strategis dekat dengan jalan malioboro;location;pos;1;1
2116;1014;pelayanan yang ramah disertai fasilitas hotel yang modern dan bersih;service;pos;2;1
2117;1015;Hotel ini cukup baik dengan lokasi strategis di dekat malioboro dan stasiun;location;pos;1;1
2118;1016;mau kemana2 mudah dan dekat;location;pos;1;1
2119;1017;dan pada saat datang semua reception menyapa ramah;service;pos;2;1
2119;1018;sarapan enak dan kamarnya jg bersih dan worthed dgn pricenya tp yg paling utama ke malioboro deket banget;service;pos;2;1
2120;1019;Ruang meetingnya bagus dengan fasilits lengkap;facilities;pos;3;1
2120;1020;Ruangan sangat representatif;room;pos;0;1
2120;1021;meskipun dekat lobby namun kami tdk mendengar kebisingan disebabkan peredam ruangan yg bekerja baik;facilities;pos;3;1
2120;1022;Makan siang disajikan dg menu yg bervariatif dan dengan rasa yg sedaap;service;pos;2;1
2120;1023;local food jg disajikan dg rasa yg tidak mengecewakan;service;pos;2;1
2120;1024;Great & delicious u rasa masakannya;service;pos;2;1
2120;1025;ruang parkir yg disediakan tidak mencukupi dan cenderung crowded;facilities;neg;3;0
2120;1026;Petugas pengamanan hotel kurang tanggap dalam mengelola parkir dan mobilisasi flow kendaraan masuk dan keluar hotel;service;neg;2;0
2121;1027;Lokasi hotel ini sebenarnya cukup strategis;location;pos;1;1
2121;1028;namun sayang aksesnya sering macet;location;neg;1;0
2121;1029;meskipun strategis karena dapat ditempuh dari transportasi umum;location;pos;1;1
2121;1030;namun suara bising yang ditimbulkan oleh kereta masuk hingga ke kamar sehingga mengganggu saat istirahat malam;room;neg;0;0
2121;1031;ruangannya tidak bau rokok;room;pos;0;1
2121;1032;Ukuran kamar cukup oke dan kebersihan terjaga;room;pos;0;1
2121;1033;Kolam renang sangat kecil dan tidak ada fasilitas gym;facilities;neg;3;0
2121;1034;Makanan breakfast cukup bervariasi meskipun rasanya standard;service;pos;2;1
2122;1035;Pelayanan Ramah;service;pos;2;1
2122;1036;Service bagus walau agak lama;service;neg;2;0
2122;1037;tempat bersih dan nyaman kekurangan;service;pos;2;1
2122;1038;dan lubang wastafel yg kecil   selebihnya kami merasa puas tinggal di hotel anda semoga saran nya bisa di terima dengan baik;facilities;neg;3;0
2123;1039;para bellboy dan reception yg ramah;service;pos;2;1
2123;1040;tempat yg sangat terjaga sekali kebersihannya dan ruangan yg nyaman pada saat check in;service;pos;2;1
2123;1041;tapi settingan kamar yang lega dengan tatanan rapi dan bersih di dalamnya;room;pos;0;1
2124;1042;Lokasinya dekat stasiun kereta api dan malioboro;location;pos;1;1
2124;1043;Hanya sarapan nya yang kurang cepat pengisian sehingga untuk sarapan banyak menu yg kosong;service;neg;2;0
2125;1044;Lokasinya sangat strategis di pusat kota dan dekat dengan kawasan wisata terkenal Malioboro;location;pos;1;1
2125;1045;dekat dengan railway station Tugu Yogyakarta sehingga memudahkan untuk moving ke mana2;location;pos;1;1
2126;1046;untk service ok tdk ada masalah;service;pos;2;1
2126;1047;tempat jg sangat baik untuk berlibur terutama area malioboro jogjakarta;location;pos;1;1
2126;1048;hanya satu yg perlu di perhatikan untk kebersihan kamar ok;room;neg;0;0
2127;1049;Lift tertinggi sampai di lounge tmpt makan malam yg nyaman sembari melihat pemandangan malam kota jogja;facilities;pos;3;1
2127;1050;Menginap 3 malam sdh terasa cukup dng fasilitas yg ada;facilities;pos;3;1
2127;1051;Bagus utk keamanan;service;pos;2;1
2128;1052;pelayanan bagus;service;pos;2;1
2128;1053;makananya juga enak;service;pos;2;1
2128;1054;murah;service;pos;2;1
2128;1055;kolam renangnya bagus;facilities;pos;3;1
2129;1056;Exterior dan interior bangunan hotel bagus;facilities;pos;3;1
2129;1057;Wifi buruk;facilities;neg;3;0
2129;1058;sering tidak connect;facilities;neg;3;0
2129;1059;kolong ranjang kotor seperti tidak pernah di sapu;room;neg;0;0
2130;1060;Menu sarapan banyak variasi;service;pos;2;1
2130;1061;Karyawannya ramah ramah;service;pos;2;1
2131;1062;hotelnya bagus bersih cuma agak bising karena lokasi yang pas didepan stasiun kreta api tugu;location;pos;1;1
2131;1063;petugas hotel semuanya oke baik ramah;service;pos;2;1
2131;1064;shuttle ke airport terlalu mahal dan tidak selalu tersedia;facilities;neg;3;0
2132;1065;Lokasinya strategis dekat malioboro dan tempat makan lainnya;location;pos;1;1
2132;1066;restoran dan makanannya oke;service;pos;2;1
2132;1067;staf oke;service;pos;2;1
2132;1068;kamarnya saja yang sedikit kurang nyaman karena terlalu sempit jika harus nambah tempat tidur ( extra bed ) lagi;room;neg;0;0
2134;1069;Konsep minimalis tp sangat nyaman;facilities;pos;3;1
2134;1070;Kasur bersih empuk rapih;room;pos;0;1
2134;1071;Kamar mandi bersih;room;pos;0;1
2134;1072;tapi handuknya keras;facilities;neg;3;0
2134;1073;Fasilitas smart tv jg okee;facilities;pos;3;1
2134;1074;Trus wifi lelet banget;facilities;neg;3;0
2134;1075;Tapi dari semua itu yang terpenting adalah lokasinya dekat sekali dengan jl;location;pos;1;1
2135;1076;Pelayanannya ramah;service;pos;2;1
2135;1077;sarapan banyak pilihan;service;pos;2;1
2135;1078;dekat dengan tempat wisata;location;pos;1;1
2135;1079;dapat kamar dengan view yang bagus;room;pos;0;1
2135;1080;untuk kolam berenangnya cukup baik tapi kaporitnya terlalu banyak jadi berasa banget;facilities;neg;3;0
2136;1081;Lokasi strategis;location;pos;1;1
2136;1082;Sarapan variatif dan rasanya OK;service;pos;2;1
2136;1083;Kolam renang tidak terlalu besar;facilities;neg;3;0
2136;1084;Proses cek-in dan cek-out cepat;service;pos;2;1
2136;1085;Kamar standar OK luasnya;room;pos;0;1
2137;1086;lokasi cukup strategis dari stasiun dan ke beberapa destinasi di Yogjakarta khusus nya Maliobor;location;pos;1;1
2137;1087;pelayanan chek in cukup cepat dan sangat frendly;service;pos;2;1
2137;1088;breakfast sangat fariati;service;pos;2;1
2138;1089;bersih;service;pos;2;1
2138;1090;front office yang ramah beserta lokasi yang strategis dengan Malioboro hanya dengan berjalan kaki kurang lebih 5 menit dan breakfast yang bervariasi dan rasanya memuaskan;location;pos;1;1
2138;1091;Hanya ada satu yang kurang yaitu lampu kamar yang kurang terang;room;neg;0;0
2139;1092;sayang kamarnya kok berdebu sekali terutama bagian lantai dan coffee maker nya;room;neg;0;0
2139;1093;Untuk sarapan standar sih cukup bervariasi;service;pos;2;1
2139;1094;dari stasiun tugu jogja dekeet banget cuma jalan kaki 2 menit & ke malioboro 5 menit;location;pos;1;1
2139;1095;vanila latte nya enaak :);service;pos;2;1
2140;1096;Lokasi strategis;location;pos;1;1
2140;1097;kamar lumayan luas;room;pos;0;1
2140;1098;tekanan air di kamar mandi dan toilet cukup deras plus ada ada keran air;room;pos;0;1
2140;1099;saluran tv beragam;facilities;pos;3;1
2140;1100;menu sarapan bervariasi dan berkualitas;service;pos;2;1
2141;1101;nyaman dan sangat strategis karena berada di dekat jalan malioboro;location;pos;1;1
2141;1102;disana akses untuk mencari taksi pun sangat mudah jadi tidak perlu menunggu;location;pos;1;1
2142;1103;Tempat bagus dan strategis;location;pos;1;1
2142;1104;tapi untuk kebersihannya kurang;service;neg;2;0
2142;1105;pelayanan frontdesk dan restaurannya bagus;service;pos;2;1
2143;1106;Hotelnya dekat dengan Malioboro;location;pos;1;1
2143;1107;Harga terjangkau dengan fasilitas yang memuaskan;service;pos;2;1
2143;1108;Sarapan sangat variatif dan enak;service;pos;2;1
2144;1109;bersih dan pelayannya ramah serta berpenampilan unik;service;pos;2;1
2144;1110;kamar bersih dan cukup luas;room;pos;0;1
2144;1111;jadi menu makanan sahur di resto biasanya tidak selengkap jika breakfast;service;neg;2;0
2145;1112;Kamar hotel biasa saja;room;pos;0;1
2145;1113;sarapan banyak ragamnya cuman krn waktu liburan jadi tamunya banyak dan jadinya susah mencari meja;facilities;neg;3;0
2145;1114;Fasilitas parkir meski terbatas tapi petugas cukup tanggap;facilities;pos;3;1
2145;1115;jendela kamar biasa saja jd teringat kamar kos;room;pos;0;1
2145;1116;kamar hotel cukup bersih meski tanpa karpet;room;pos;0;1
2146;1117;lokasi strategis;location;pos;1;1
2146;1118;makanan ok;service;pos;2;1
2146;1119;kamar bersih;room;pos;0;1
2146;1120;harga terjangkau;service;pos;2;1
2146;1121;kolam renang cukup baik;facilities;pos;3;1
2147;1122;Meski ruangan untuk sarapan tidak terlalu besar;facilities;neg;3;0
2149;1123;Tempat Strategis dan memuaskan;location;pos;1;1
2149;1124;Makanan banyak pilihan enak dan pelayanan ramah memuaskan;service;pos;2;1
2149;1125;Kamar bersih dan tidak terlalu sempit;room;pos;0;1
2149;1126;Kolam renang bersih;facilities;pos;3;1
2150;1127;Lokasi strategis;location;pos;1;1
2150;1128;Menu breakfast sangat variatif dan rasanya enak sekali;service;pos;2;1
2150;1129;Ruangan sangat nyaman untuk istirahat & keluarga;room;pos;0;1
2151;1130;dinding tidak terawat;facilities;neg;3;0
2151;1131;Handuk di kamar mandi udah butut dan harus saya nyinyir baru diganti dengan handuk sebagaimana layaknya;facilities;neg;3;0
2151;1132;makanan habis;service;neg;2;0
2151;1133;Dan petugas egg station kasar sekali;service;neg;2;0
2152;1134;lokasi strategis service bersahabat dan memuaskan  room yg cozy dan bersih great menu  hanya sedikit gangguan jaringan pada wifi putus nyambung overall sangat memuaskan recommended hotel verry excellent hotel;service;pos;2;1
2153;1135;Hotel yang sangat strategis untuk kemana-mana;location;pos;1;1
2153;1136;dengan pelayanan yang cepat dan ramah;service;pos;2;1
2153;1137;Dan juga ruangan yang luas serta kebersihan yang baik;room;pos;0;1
2153;1138;Dan pelayanan yang cepat;service;pos;2;1
2154;1139;sarapan variatif ad menu jamu;service;pos;2;1
2154;1140;kolam renang OK;facilities;pos;3;1
2154;1141;dekat malioboro;location;pos;1;1
2154;1142;staff ramah;service;pos;2;1
2154;1143;Juice nya OK banget;service;pos;2;1
2155;1144;untuk kamar bersih dan wangi;room;pos;0;1
2155;1145;sprei kasur jg bersih;room;pos;0;1
2155;1146;kamar mandi juga bersih;room;pos;0;1
2155;1147;lokasi hotel deket dari stasiun jadi masih terdengar suara informasi2 yg mengganggu dan juga pusat belanja malioboro;location;neg;1;0
2155;1148;dekat pasar kembang;location;pos;1;1
2156;1149;Frontliner kurang ramah;service;neg;2;0
2156;1150;hotel bersih;service;pos;2;1
2156;1151;sangat nyaman untuk istirahat;service;pos;2;1
2156;1152;lokasi sangat strategis di depan stasiun tugu;location;pos;1;1
2156;1153;Makan sangat bervariatif namun rasa kurang;service;neg;2;0
2157;1154;Waktu check in -ny cukup lama karna waktu dtg cukup banyak org yg mau check in;service;neg;2;0
2157;1155;untuk kamar bersih dan wangi;room;pos;0;1
2157;1156;sprei kasur jg bersih;room;pos;0;1
2157;1157;kamar mandi juga bersih;room;pos;0;1
2157;1158;lokasi hotel cukup strategis deket dari stasiun dan juga pusat belanja malioboro;location;pos;1;1
2158;1159;Tempatnya bersih;service;pos;2;1
2158;1160;makan pagi ok;service;pos;2;1
2158;1161;ramah-ramah dan dikasih lihat room dulu serta dijelaskan luas kamar dan perbedaan harganya;service;pos;2;1
2158;1162;dekat ke malioboro hanya jalan kaki;location;pos;1;1
2158;1163;Tempat parkirnya kurang luas dan mengganggu lalu lintas didepannya saat penuh karena tidak bisa masuk;facilities;neg;3;0
2159;1164;Hotel Dengan pelayanan yang ramah;service;pos;2;1
2159;1165;kamar bersih;room;pos;0;1
2159;1166;masakan untuk breakfastnya mantap;service;pos;2;1
2159;1167;dekat dengan stasiun tugu Jogja;location;pos;1;1
2159;1168;dekat dengan Malioboro;location;pos;1;1
2159;1169;sangat strategis;location;pos;1;1
2160;1170;kamarnya rapih n bersih;room;pos;0;1
2160;1171;berhubung pas kesini lg puasa menu sahurnya enak apalgi menu tajil buka puasanya enak (tp utk menu tajil bayar sendiri all u can eat);service;pos;2;1
2160;1172;lokasinya ga jauh dari malioboro;location;pos;1;1
2161;1173;dekat dengan Stasiun KA Tugu yang sibuk & berdampingan dengan hotel-hotel lain yang tumbuh menjamur disekitarnya (baik eksist/sedang dibangun);location;pos;1;1
2162;1174;makan pagi tambahan terlalu mahal;service;neg;2;0
2162;1175;double bed kecil;room;neg;0;0
2162;1176;makan pagi kurang banyak variasi makanan;service;neg;2;0
2162;1177;enak sih makanannya;service;pos;2;1
2162;1178;lampu kamar kurang terang ya;room;neg;0;0
2164;1179;Terimakasih FO sdh memberikan kamar dengan pemandangan terbaik;service;pos;2;1
2164;1180;Makanan bervariasi;service;pos;2;1
2164;1181;tapi rasa KURANG;service;neg;2;0
2165;1182;Semua bagus dengan pelayanannya kamarnya juga rapi enggak ketinggalan zamanlah hehe tapi Wifi sering putus putus hehe kadang hidup kadang mati maksudnya untuk fasilitasnya saya suka banget semua stabil dimulai dengan water heater dan kasur saya suka saya suka hehe;facilities;pos;3;1
2166;1183;kamarnya nyaman;room;pos;0;1
2166;1184;bersih;service;pos;2;1
2166;1185;kasur empuk dan air panas yang stabil;room;pos;0;1
2166;1186;"tapi sayang koneksi wifi sering ""putus sambung""";facilities;neg;3;0
2166;1187;kolam renang walau kecil tapi bersih;facilities;pos;3;1
2166;1188;Rasa makanan not bad lah;service;pos;2;1
2167;1189;hanya untuk makan pagi kurang rasa dan agak membosankan bila seperti saya yang harus menginap 3 hari;service;neg;2;0
2168;1190;hotel yang tergolong baru dengan pelayanan yang bagus;service;pos;2;1
2168;1191;menu makanan yang disajikan juga bervariatif dan bercitarasa tinggi;service;pos;2;1
2168;1192;harga kamar yang ditawarkan juga cukup kompetitif;service;pos;2;1
2169;1193;setelah proses check-in yang cepat;service;pos;2;1
2169;1194;Dengan harga yang terjangkau;service;pos;2;1
2169;1195;Hanya saja pas saya bermalam di hotel Neo Malioboro selama tiga malam (8-11 Mei) wifi kecepatannya tidak stabil;facilities;neg;3;0
2170;1196;Namun yang disayangkan duve dan pillow kotor terdapat spot noda coklat dan channel televisi sangat sedikit dan kurang jelas gambarnya;facilities;neg;3;0
2170;1197;sedikit kecewa ternyata pillow case dan duve tidak diganti oleh room boy  Over all semua bagus;facilities;neg;3;0
2170;1198;menu breakfast bervariasi;service;pos;2;1
2171;1199;Saat datang di sambut dengan ramah;service;pos;2;1
2171;1200;check in cepat;service;pos;2;1
2171;1201;tempat yang strategis dekat dengan malioboro;location;pos;1;1
2171;1202;dan stasiun kereta Kamar yang bersih handuk nya harum;room;pos;0;1
2172;1203;Lokasi strategis;location;pos;1;1
2172;1204;kondisi hotel bersih dan kamarnya nyaman;service;pos;2;1
2172;1205;Interior kamar keren;room;pos;0;1
2172;1206;staff hotelnya juga ramah-ramah;service;pos;2;1
2172;1207;Makanan enaaak bangeet dan variatif;service;pos;2;1
2173;1208;Hotel cukup baik dan strategis;location;pos;1;1
2173;1209;namun variasi sarapan keesokan harinya dirasa kurang;service;neg;2;0
2173;1210;Kualitas kamar sangat baik dan standar bintang 4;room;pos;0;1
2173;1211;Saya paling suka berada di SkyLine rooftop;facilities;pos;3;1
2173;1212;namun menunya kurang variatif;service;neg;2;0
2174;1213;lokasi sangat dekat dengan malioboro sehingga mudah mencari oleh-oleh;location;pos;1;1
2174;1214;Kamar luas dan bersih;room;pos;0;1
2174;1215;makan pagi yang selalu luar biasa;service;pos;2;1
2174;1216;hanya kolam renang yang terlalu kecil sehingga agak berdesak desakan;facilities;neg;3;0
2175;1217;deketttt banget lokasinya;location;pos;1;1
2176;1218;Agak berisik krn dekat rel kereta api;location;neg;1;0
2176;1219;Lokasinya dekat dgn malioboro;location;pos;1;1
2177;1220;Kamar tidur & kamar mandi bersih;room;pos;0;1
2177;1221;pelayanan bagus & cepat;service;pos;2;1
2177;1222;Lokasi sangat dekat dengan malioboro;location;pos;1;1
2177;1223;Acnya juga cukup dingin;facilities;pos;3;1
2178;1224;sarapan enak dan banyak jenisnya;service;pos;2;1
2178;1225;dekat dengan malioboro;location;pos;1;1
2178;1226;Wi fi nya sangat2 jelek;facilities;neg;3;0
2179;1227;pelayana bagus;service;pos;2;1
2179;1228;kamar bersih dan luas;room;pos;0;1
2180;1229;Akses mudah;location;pos;1;1
2180;1230;maupun ke malioboro Menu breakfast lengkap sayangnya koneksi wifi kurang masih agak kurang channel tv yang ada pun kurang begitu lengkap Pelayanan bagus AC kamar cukup dingin;facilities;neg;3;0
2180;1231;namun dirasa agak kurang Air shower kamar mandi kencang;facilities;neg;3;0
2181;1232;Booking yg cepat dan chek in cepat serta pelayanan yang ramah membuat saat datang kke hotel menyenangkan;service;pos;2;1
2181;1233;kamar juga bersih;room;pos;0;1
2181;1234;namun Area swimming pool kurang strategies sehingga kurang nyaman saat ingin berenang;facilities;neg;3;0
2182;1235;Lokasi yang strategis;location;pos;1;1
2182;1236;dekat Malioboro dan Stasiun Tugu menjadi alasan kami memilih hotel ini;location;pos;1;1
2182;1237;Pelayanannyapun ramah dan perhatiannya;service;pos;2;1
2183;1238;Sangat dekat dengan malioboro dan tugu;location;pos;1;1
2183;1239;FASILITAS (RATING ?????) Fasilitas di hotel ini sangat lengkap;facilities;pos;3;1
2184;1240;Sayangnya ketika berada dlm kamar kurang kedap;room;neg;0;0
2184;1241;terdengar suara kursi digeret2 dr kamar sebelah dan channel tv kurang bagus dan jernih;room;neg;0;0
2184;1242;Untung ada Wifi cepat;facilities;pos;3;1
2185;1243;hotel ini strategis dekat malioboro dan dekat stasiun tugu;location;pos;1;1
2185;1244;makan enak;service;pos;2;1
2186;1245;kamar bersih;room;pos;0;1
2186;1246;bathroom oke;room;pos;0;1
2186;1247;koneksi wifi oke;facilities;pos;3;1
2186;1248;tapi waktu breakfast saya minta es batu tidak ada;service;neg;2;0
2187;1249;Karena banyak sekali makanan enak yang bisa di coba;service;pos;2;1
2187;1250;Semuanya enak banget;service;pos;2;1
2188;1251;Ternyata memang sangat dekat karena hanya 5 menit berjalan dari stasiun tugu;location;pos;1;1
2188;1252;Bahkan hotel langsung terlihat saat keluar dari kereta  Hotel yang bersih (saya juga membandingkan dengan  Neo di Bandung);location;pos;1;1
2188;1253;dan pelayanan cepat sehingga saya bias langsung beristirahat;service;pos;2;1
2189;1254;wifi kencang;facilities;pos;3;1
2189;1255;ramah;service;pos;2;1
2189;1256;makanan enak;service;pos;2;1
2189;1257;lokasi mantap dekat banget ama malioboro;location;pos;1;1
2189;1258;kolam renang bersih anak2 suka sekali bersih dengan catatan: kamar kalau dibersihkan tolong sampai kolong kasur;room;neg;0;0
2190;1259;Ruangannya bagus;room;pos;0;1
2190;1260;Bersih;service;pos;2;1
2190;1261;pelayananya oke banget;service;pos;2;1
2190;1262;Klo lu beli reserves via traveloka (eaaa kayak promosi bgt gue) Deket stasiun tugu tinggal jalan kaki sebentar udh nyampe;location;pos;1;1
2190;1263;Untuk breakfast nya (wktu itu gue cuma breakfast aja sih) nothing special sih but overall oke;service;pos;2;1
2191;1264;dekat dengan pusat perbelanjaan;location;pos;1;1
2191;1265;kamar hotelnya bersih;room;pos;0;1
2191;1266;petugas hotel ramah dan selalu siap membantu para tamu;service;pos;2;1
2191;1267;menu sarapan banyak pilihannya tinggal pilih mau makan yang mana;service;pos;2;1
2192;1268;lokasi deket dengan pusat keramaian dan stasiun Tugu;location;pos;1;1
2192;1269;kamar kurang kedap suara dari luar;room;neg;0;0
2193;1270;Karena tempatnya sangat strategis terletak di tengah pusat Jogja;location;pos;1;1
2193;1271;dekat dengan tempat wisata dan tempat berbelanja;location;pos;1;1
2193;1272;tapi so far hotel ini better lah dari hotel lain yg pernah saya singgahi di jogja pelayanan dan  lobby nya juga cukup nyaman;service;pos;2;1
2194;1273;: POSITIF: - Proses check in cepat;service;pos;2;1
2194;1274;bersih;service;pos;2;1
2195;1275;Letak sangat strategis;location;pos;1;1
2195;1276;pelayanan memuaskan;service;pos;2;1
2195;1277;kamar sangat bersih;room;pos;0;1
2195;1278;makanan bervariasi meski rasanya harus ditingkatkan;service;pos;2;1
2195;1279;Kekurangannya hanya pada harga yang lumayan mahal;service;neg;2;0
2196;1280;Hotel yang nyaman untuk liburan keluarga dengan lokasi yang strategis;location;pos;1;1
2196;1281;dekat dengan malioboro;location;pos;1;1
2196;1282;dekat dengan halte trans jogja malioboro;location;pos;1;1
2196;1283;mudah di akses dengan transportasi umum;location;pos;1;1
2196;1284;Menu sarapan pagi yang variatif menambah kelengkapan pelayanan hotel;service;pos;2;1
2197;1285;Lokasinya sangat strategis dan cocok untuk segala jenis wisata;location;pos;1;1
2197;1286;Pelayanan dan sapaan ramah sudah saya dapatkan dari petugas resepsionis;service;pos;2;1
2197;1287;Ditambah proses check in yang singkat dan mudah;service;pos;2;1
2197;1288;Luas banget untuk kelas dan rate yang ditawarkan;service;pos;2;1
2197;1289;tempat tidur nyaman;room;pos;0;1
2198;1290;Hotel yang nyaman dan bersih;service;pos;2;1
2198;1291;Sangat dekat dengan malioboro;location;pos;1;1
2198;1292;Dan tidak terlalu jauh dari pusat kota jogja;location;pos;1;1
2198;1293;Banyak pilihan sarapan dipagi hari;service;pos;2;1
2199;1294;nyaman dan membuat ingin lagi cek in di hotel ini;service;pos;2;1
2199;1295;lokasi sangat strategis;location;pos;1;1
2200;1296;hotel dekat dengan stasiun cukup berjalan kaki dan dekat dengan malioboro;location;pos;1;1
2200;1297;"; pelayanan cepat dan ramah padahal sy checkin jam 12 malam tapi sangat cepat dan diberi kamar yg bersebelahan dengan restoran swimming pool";service;pos;2;1
2202;1298;Letaknya strategis di tengah kota;location;pos;1;1
2202;1299;Mau ke wisata2 jogja juga jaraknya ga begitu jauh;location;pos;1;1
2202;1300;Harga kamar murah;service;pos;2;1
2202;1301;staf ramah2 breakfast beragam dan enak;service;pos;2;1
2202;1302;karena bagian atas ranjang berdebu dan ada lampu besar di kamar itu ada sarang laba2 nya;room;neg;0;0
2203;1303;layanan oke;service;pos;2;1
2203;1304;fasilitas oke;facilities;pos;3;1
2203;1305;kolam renang untuk bermain si kecil juga bagus;facilities;pos;3;1
2203;1306;dan breakfastnya juga bnyk macamnya;service;pos;2;1
2203;1307;lokasi jg strategis ke pusat kota;location;pos;1;1
2204;1308;sangat dekat dengan Malioboro;location;pos;1;1
2205;1309;Hotel Neo semua pelayanan dari seluruh staff sudah cukup memuaskan;service;pos;2;1
2205;1310;lokasi cukup sangat strategis;location;pos;1;1
2205;1311;akses wifinya kkurang cepat hanya mendapat 1;facilities;neg;3;0
2206;1312;sarapan bahkan kebersihan kamar sangat bagus;service;pos;2;1
2206;1313;Lokasi hotel yang strategis juga membuat saya lebih mudah menjangkau pusat kota dan tempat wisata;location;pos;1;1
2206;1314;Pihak hotel jg membantu memesankan taksi disaat saya membutuhkan;service;pos;2;1
2206;1315;cuma kekukarang hanya ada di koneksi wifii nya;facilities;neg;3;0
2206;1316;koneksinya sangat susah;facilities;neg;3;0
2207;1317;Lokasi yang strategis tepat di sebrang stasiun Tugu dan area Malioboro;location;pos;1;1
2207;1318;Tersedia juga parkir yang memadai;facilities;pos;3;1
2207;1319;Pelayanan dari staf sangat ramah;service;pos;2;1
2207;1320;Check in/out sangat efisien dan cepat;service;pos;2;1
2207;1321;Kamar untuk standar bintang 3 cukup luas dan nyaman;room;pos;0;1
2207;1322;Tersedia pengatur udara di dalam kamar;facilities;pos;3;1
2207;1323;TV dengan pilihan channel yang banyak;facilities;pos;3;1
2207;1324;Sarapan sangat beragam dengan rasa yang enak;service;pos;2;1
2207;1325;Pemandangan tempat makan juga menyenangkan dan seating capacity juga memadai;facilities;pos;3;1
2208;1326;kebersihan hotel yg terjaga baik serta suasana yg cozy ditambah welcome drink yg menyegarkan membuat suasana hati jadi ceria setelah penat seharian;service;pos;2;1
2208;1327;Makan malam segoro sebenarnya nikmat;service;pos;2;1
2208;1328;sy hanya kebagian ikan lain yg sayangnya juga kecil ukurannya;service;neg;2;0
2209;1329;Bisa titip barang dengan aman;service;pos;2;1
2210;1330;Breakfast nya asek;service;pos;2;1
2210;1331;malioboro dekaaat banget;location;pos;1;1
2211;1332;hotel dekat malioboro;location;pos;1;1
2211;1333;dekat dengan stasiun juga;location;pos;1;1
2211;1334;pelayanannya juga cukup memuaskan;service;pos;2;1
2212;1335;dekat dengan pusat kota (malioboro) dan transportasi kereta;location;pos;1;1
2213;1336;) tapi dekat ke malioboro;location;pos;1;1
2213;1337;Kamar cukup lega;room;pos;0;1
2213;1338;amenities cukup lengkap;facilities;pos;3;1
2213;1339;dan sarapannya sangat menyenangkan;service;pos;2;1
2213;1340;Rasanya juga enak;service;pos;2;1
2214;1341;Disana untuk pelayanan hotel baek serta untuk fasilitas kamar memuaskan karena yang pertama dlihat kebersihan oke;service;pos;2;1
2214;1342;serta untuk fasilitas lainnya seperti kolam renang air nya bersih;facilities;pos;3;1
2214;1343;utk sarapan pagi nya juga sangat complete;service;pos;2;1
2214;1344;akan tetapi kmrn pada saat coba nasi gorengna agak asin yah;service;neg;2;0
2215;1345;hotel yang bagus dan bersih serta mudah dijangkau dan pelayanan yg baik dan cepat serta ramah;service;pos;2;1
2215;1346;Pelayanan wi fi nya mudah dan akses cepat;facilities;pos;3;1
2215;1347;mendapat sarapapan pagi dengan makanan yang bervariasi dan enak;service;pos;2;1
2215;1348;Dekat pada area wisata jalan malioboro yang terkenal;location;pos;1;1
2216;1349;dia bilang  hotelnya bersih and bagus;service;pos;2;1
2216;1350;tapi semuanya terbayar dengan hotel yg bagus dan breakfast yg enak;service;pos;2;1
2217;1351;staff yang ramah;service;pos;2;1
2217;1352;kamar yang nyaman dan bersih;room;pos;0;1
2217;1353;makanan yang enak dan tentunya lokasinya yang dekat dengan pusat belanja Malioboro juga Stasiun Tugu;location;pos;1;1
2218;1354;breakfast lebih bervariasi lagi;service;pos;2;1
2218;1355;room cukup nyaman;room;pos;0;1
2219;1356;Dekat stasiun tugu dan dekat malioboro street;location;pos;1;1
2219;1357;Sky lounge nya sangat menarik;facilities;pos;3;1
2219;1358;kamarnya sangat menyenangkan;room;pos;0;1
2219;1359;staff frendly and especially for leny n otniel thanks untuk service excelence nya yaa;service;pos;2;1
2220;1360;kamarnya yang rapi;room;pos;0;1
2220;1361;wangi dan nyaman membuat saya merasa betah tinggal di kamar;room;pos;0;1
2220;1362;pelayanannya cepat dan karyawannya sangat ramah dan hospitable;service;pos;2;1
2220;1363;perfect services;service;pos;2;1
2220;1364;tetapi yang kurang lengkap disini adalah fasilitas olah raga yaitu gym center;facilities;neg;3;0
2221;1365;Kamar cukup Nyaman dengan design unik;room;pos;0;1
2221;1366;wallpappernya unik;room;pos;0;1
2221;1367;makanan pagi cukup enak;service;pos;2;1
2221;1368;pelayanan baik;service;pos;2;1
2222;1369;hotel Neo dekat dengan tempat wisata;location;pos;1;1
2222;1370;Dekat dengan stasiun kereta api;location;pos;1;1
2222;1371;Hotelnya bersih;service;pos;2;1
2222;1372;fasilitas lengkap;facilities;pos;3;1
2222;1373;pelayanan ramah;service;pos;2;1
2222;1374;dan staff sangat membantu sekali;service;pos;2;1
2223;1375;Hotel neo adalah hotel berbintang di daerah pusat kita jogja yang memiliki pelayanan yang premium dan bersih serta tidak jauh dari objek wisata di sekitar wilayah jogja;location;pos;1;1
2224;1376;Pelayanan baik;service;pos;2;1
2224;1377;sarapan enak;service;pos;2;1
2224;1378;beraih;service;pos;2;1
2224;1379;pelayanan ramah;service;pos;2;1
2224;1380;harga ok;service;pos;2;1
2224;1381;dekat dg tempat belanja;location;pos;1;1
2224;1382;kebersihan kamar dan hotel sangat ok;room;pos;0;1
2224;1383;nyaman;service;pos;2;1
2225;1384;Makanan enak Kamar nyaman Staf nya juga ramah Good service;service;pos;2;1
2225;1385;Good food;service;pos;2;1
2226;1386;lokasi sangat dekat dengan stasiun;location;pos;1;1
2226;1387;Proses check in nya juga ga lama;service;pos;2;1
2226;1388;kebersihan juga bersih;service;pos;2;1
2226;1389;breakfastnya standard ga ada yang istmewa;service;pos;2;1
2226;1390;akes internetnya lumayan cepat;facilities;pos;3;1
2227;1391;Interior Kamarnya bagus;room;pos;0;1
2227;1392;bersih dan wangi;service;pos;2;1
2227;1393;Lokasinya strategis dekat dengan stasiun dan malioboro;location;pos;1;1
2227;1394;breakfast bervariasi tp rasanya biasa aja (kurang terasa);service;neg;2;0
2227;1395;akses internetnya cepat;facilities;pos;3;1
2228;1396;letaknya strategis banget depan stasiun tugu;location;pos;1;1
2228;1397;dan kamarnya bagus luas serta masih baru tentunya;room;pos;0;1
2228;1398;saya dikasih kamar lantai 7 viewnya bagus dan sebelhnya persis ada mini market jadi mau beli keperluan apa apa tak perlu jauh degh;room;pos;0;1
2229;1399;Selain tempat yang strategis dekat dengan jalan malioboro;location;pos;1;1
2229;1400;banyak menu pilihan saat sarapan;service;pos;2;1
2229;1401;mulai dari menu tradisional sampai menu modern Didukung juga dengan staff yang sangat ramah dan selalu bersedia membantu;service;pos;2;1
2230;1402;hotel nya bersih;service;pos;2;1
2230;1403;kamar luas;room;pos;0;1
2230;1404;fasilitas ok;facilities;pos;3;1
2230;1405;harga lumayan;service;pos;2;1
2230;1406;hanya saja menu main course bfast kurang variasi dan rasa nya kurang terasa;service;neg;2;0
2230;1407;pastry n bakery good tasted;service;pos;2;1
2230;1408;variasi makanan sudah cukup;service;pos;2;1
2231;1409;Interior yg terkesan mewah & tdk ada di horel-hotel sekelasnya;facilities;pos;3;1
2231;1410;Lobby yg nyaman;facilities;pos;3;1
2231;1411;Pelayanan yg baik;service;pos;2;1
2231;1412;Akses internet yg cepat;facilities;pos;3;1
2231;1413;Tergolong hotel budget yg oke;service;pos;2;1
2232;1414;sangat nyaman;service;pos;2;1
2233;1415;Memilih Neo Malioboro krn dekat dgn stasiun Tugu dan Jalan Malioboro;location;pos;1;1
2233;1416;Kamar view ke kolam renang;room;pos;0;1
2233;1417;nyaman;room;pos;0;1
2233;1418;ac dingin;facilities;pos;3;1
2233;1419;wifi kencang;facilities;pos;3;1
2233;1420;Sarapan enak;service;pos;2;1
2234;1421;sangat dekat dari stasiun;location;pos;1;1
2234;1422;Kamar bersih dan menyenangkan;room;pos;0;1
2234;1423;wifi lancar dan kenceng banget;facilities;pos;3;1
2234;1424;makan pagi variatif;service;pos;2;1
2234;1425;ada kolam renang dan dekat dengan malioboro;facilities;pos;3;1
2235;1426;Ukuran kamar terbilang kecil;room;neg;0;0
2235;1427;Area kolam renang terlalu terbuka karena berada satu area dengan breakfast;facilities;neg;3;0
2236;1428;Saya sangat senang dengan hotel ini lokasi strategis dekat jalan malioboro;location;pos;1;1
2236;1429;hotel nyaman dan ruangan bersih;service;pos;2;1
2236;1430;tetapi ada satu hal yang kurang yaitu untuk fasilitas internet di ruang kamar sangat lemah bahkan tidak bisa koneksi sama sekali;facilities;neg;3;0
2237;1431;crew hotel yg ramah;service;pos;2;1
2237;1432;kamar yg bersih dan sarapan yg enak;room;pos;0;1
2237;1433;dan yang pasti dekat dengan jalan malioboro;location;pos;1;1
2238;1434;Tempat menginap yang cukup menyenangkan untuk sekedar tempat menginap dan sarapan;service;pos;2;1
2238;1435;Lokasi dekat stasiun kereta api;location;pos;1;1
2238;1436;terlalu banyak tamu dan tempat tidak terlalu luas;facilities;neg;3;0
2239;1437;Hotel yang menyenangkan dekat dengan pusat kota;location;pos;1;1
2239;1438;makanan enak;service;pos;2;1
2240;1439;lokasi strategis;location;pos;1;1
2240;1440;Dan akses untuk ke tempat oleh2 juga mudah;location;pos;1;1
2240;1441;karyawan yang ramah dan siap membantu 24jam;service;pos;2;1
2241;1442;Hotel dekat jalan malioboro;location;pos;1;1
2241;1443;bersih dan staffnya ramah;service;pos;2;1
2241;1444;Rasa beberapa makanan kurang enak;service;neg;2;0
2242;1445;Hotel neo keseluruhan oke banget dr mulai Check In sampe Check out;service;pos;2;1
2243;1446;Krna posisi ny yg trategis;location;pos;1;1
2243;1447;plyanan yg ramah;service;pos;2;1
2243;1448;menu mknan yg berfariasi n kolam renang ny bs d pakai untuk ank2 dan org dewasa;facilities;pos;3;1
2245;1449;karna lokasi strategis dan pelayanan yang ramah membuat kesan yang baik;service;pos;2;1
2246;1450;Lokasi cukup baik tapi msh agak jauh dari pusat keramaian malioboro;location;neg;1;0
2246;1451;Fasilitas kamar ok;facilities;pos;3;1
2246;1452;Kebersihan ok hanya tempat sampah tidak dialasi plastik sampah shg bila ada sampah basah maka akan jatuh ke lantai;service;neg;2;0
2247;1453;Strategic location hotel;location;pos;1;1
2248;1454;Pelayanan oke dan simpatik;service;pos;2;1
2248;1455;Depan stasiun dan dekat jalan malioboro;location;pos;1;1
2249;1456;makanan semua enak breakfastnya luar biasa;service;pos;2;1
2249;1457;pelayanan sangat tanggap terutama bagian doormen dan security yang dengan segera membantu mengangkat bawaan yang ada dan menyimpannya di area penitipan;service;pos;2;1
2250;1458;Lokasi Strategis;location;pos;1;1
2250;1459;Kamar sangat nyaman namun sangat tidak direkomendasikan untuk anda yang perokok berat;room;neg;0;0
2251;1460;bisa menginap di hotel ini karena dekat ke tempat wisata;location;pos;1;1
2252;1461;Hotel dengan fasilitas simpel dan nyaman lokasi mudah kemana saja cocok untuk individual;facilities;pos;3;1
2253;1462;lokasi bagus;location;pos;1;1
2253;1463;Masukan : Wifi di kamar sering putus;facilities;neg;3;0
2253;1464;Hari terakhir sabun cair habis;facilities;neg;3;0
2254;1465;Hotel yang memberikan layanan baik dan seluruh staff ramah;service;pos;2;1
2254;1466;makanan yang disediakan untuk sarapan dan makan malam enak;service;pos;2;1
2254;1467;fasilitas meeting room yang memuaskan;facilities;pos;3;1
2254;1468;Kamar mandi yang cukup luas dan ada pengering rambut;room;pos;0;1
2255;1469;lokasi berseberangan dengan stasiun tugu yogya dan dekat juga dengan jalan malioboro;location;pos;1;1
2255;1470;Pelayanan reseptionis cukup baik dan ramah;service;pos;2;1
2255;1471;kebersihan hotel cukup terjaga tetapi untuk area di kolong tempat tidur sangat kotor dan berdebu;service;neg;2;0
2256;1472;Untuk lokasi yang paling bagus karena sangat strategis;location;pos;1;1
2257;1473;pegawai ramah2 dan tepat di mlm ulang tahun saya dpt surprise dari pihak hotel;service;pos;2;1
2259;1474;Lokasi dekat Malioboro;location;pos;1;1
2259;1475;staff ramah dan membantu;service;pos;2;1
2259;1476;kamar bersih;room;pos;0;1
2259;1477;variasi sarapan yang banyak & enak;service;pos;2;1
2259;1478;Kekurangannya air panas dari shower untuk mandi tidak stabil dan semburannya kurang deras;facilities;neg;3;0
2260;1479;Lokasi sangat strategis;location;pos;1;1
2260;1480;aksesnya sangat mudah;location;pos;1;1
2260;1481;Konsep hotelnya simple dan elegan;facilities;pos;3;1
2260;1482;Stafnya ramah dan murah senyum;service;pos;2;1
2260;1483;Kamar cukup luas dan bersih;room;pos;0;1
2260;1484;air hangat berfungsi dengan baik;facilities;pos;3;1
2260;1485;amenities lengkap bahkan hairdryer pun sudah disediakan;facilities;pos;3;1
2260;1486;Hotel ini memiliki kolam renang yang tidak terlalu besar tapi desainnya bagus;facilities;pos;3;1
2260;1487;Restoran cukup besar;facilities;pos;3;1
2260;1488;menu sarapan sangat enak dan banyak variasi;service;pos;2;1
2261;1489;Saluran pembuangan didekat kokam renang buruk;facilities;neg;3;0
2261;1490;Suara dari luar ruangan terdengar dari dalam kamar sehingga tidak nyaman;room;neg;0;0
2261;1491;Pilihan breakfast kurang bervariasi;service;neg;2;0
2261;1492;front desk pelayanan lama sekali waktu check in;service;neg;2;0
2263;1493;Hotelnya enak dekat stasiun dan dekat malioboro;location;pos;1;1
2263;1494;waiter ramah2 pertahankan;service;pos;2;1
2264;1495;Hotel ini terletak di dekat Stasiun Yogyakarta/Tugu tinggal jalan cuma 5 - 10 menit saja sampai;location;pos;1;1
2264;1496;Setelah kami sampai di Neo Hotel Malioboro kami di sambut baik oleh Bell Boy dan membawakan tas kami sampai di dalam kamar;service;pos;2;1
2264;1497;Alhamdulillah proses check in sangat cepat tanpa menunggu dan membuat kami senang dikarenakan mendapatkan kamar di lantai 7 dengan type Superior;service;pos;2;1
2264;1498;Selain itu untuk viewnya bagus karena bisa melihat pemandangan dan juga bisa melihat Swimming poolnya hotel tentangganya Neo…;facilities;pos;3;1
2265;1499;Kamar nyaman dan cukup luas;room;pos;0;1
2265;1500;sarapan banyak variasi dan rasanya enak;service;pos;2;1
2265;1501;wifi tidak begitu kencang;facilities;neg;3;0
2266;1502;petugas resepsionis yg stylish siap melayani tamu;service;pos;2;1
2266;1503;Walaupun sewaktu checkin kami harus menunggu ckup lama karena room belum ready;service;neg;2;0
2266;1504;Lokasi hotel sangat strategis karena berada di kawasan malioboro;location;pos;1;1
2266;1505;Juga dekat dengan pusat oleh2 khas Jogja;location;pos;1;1
2266;1506;Suasana kamar jg sangat nyaman khas Aston;room;pos;0;1
2266;1507;Pelayanan petugas2 di hotel jg sangat ramah;service;pos;2;1
2266;1508;Untuk sarapan pagi ckup variatif dan enak;service;pos;2;1
2267;1509;Layanan yg saya dapat cukup baik;service;pos;2;1
2267;1510;tentang kamar mungkin rata-rata ya;room;pos;0;1
2267;1511;utk lokasi sangat strategis;location;pos;1;1
2268;1512;pelayanan nya oke;service;pos;2;1
2269;1513;Hanya sayang kamar yang terkesan minimalis terasa kurang nyaman pada saat anda menginap bersama dengan pasangan anda;room;neg;0;0
2271;1514;Wifinya kurang bagus karena tidak dapat membuka beberapa aplikasi seperti youtube;facilities;neg;3;0
2271;1515;Kamara kurang kedap suara karena suara dari kamar sebelah lumayan terdengar jelas yang lumayan sedikit mengganggu;room;neg;0;0
2273;1516;lokasi sangat dekat dgn malioboro dan di sekitarnya banyak tempat makan angkringan yang murah dan ramai;location;pos;1;1
2273;1517;mudah dijangkau dari airport dengan kereta atau bus trans jogja;location;pos;1;1
2273;1518;sky lounge di atas hotel juga bagus untuk tempat bersantai dengan pilihan kopi yang enak dengan harga terjangkau;facilities;pos;3;1
2273;1519;pilihan makan pagi juga beragam dan enak;service;pos;2;1
2273;1520;kamar bagus dan bersih;room;pos;0;1
2273;1521;hanya saja ukuran kamar agak sedikit sempit sehingga jarak antar twin bed terlalu dekat;room;neg;0;0
2273;1522;wifi di kamar juga cepat;facilities;pos;3;1
2274;1523;lokasi yang sangat strategis;location;pos;1;1
2274;1524;kamar bersih;room;pos;0;1
2274;1525;makanan cukup enak;service;pos;2;1
2274;1526;staff yang ramah-ramah saat saya ajak berbincang dan juga sangat membantu saya saat membawa barang-barang;service;pos;2;1
2275;1527;Dekat stasiun kereta;location;pos;1;1
2275;1528;petugas ramah;service;pos;2;1
2276;1529;Kamar sangat bersih;room;pos;0;1
2276;1530;pelayanan yang bagus;service;pos;2;1
2276;1531;saya dilayani dengan baik dan ramah;service;pos;2;1
2276;1532;lokasi strategis;location;pos;1;1
2276;1533;keamanan bagus;service;pos;2;1
2278;1534;Hotelnya bersih;service;pos;2;1
2278;1535;pelayanan ramah menyenangkan;service;pos;2;1
2278;1536;Dekat dengan stasiun kereta dan kawasan wisata malioboro;location;pos;1;1
2279;1537;Saya sangat betah dan nyaman di neo hotel yogya :) makananya pun enak;service;pos;2;1
2279;1538;pelayananany ok;service;pos;2;1
2279;1539;Dan design interior dan ekteriorny juga keren;facilities;pos;3;1
2279;1540;kolam renang yang cantik dan nyaman buat sekali2 berenang saat di neo;facilities;pos;3;1
2280;1541;Secara fasilitas biasa saja;facilities;pos;3;1
2280;1542;Hotel ini nuansa-nya cukup gelap dgn mayoritas pencahayaan yg remang dan tak terang benderang;facilities;neg;3;0
2280;1543;Kasurnya cukup nyaman untuk ukuran hotel bintang 2/3;room;pos;0;1
2280;1544;They have one of the best matress comfort level among other 2-3 starred hotel;facilities;pos;3;1
2280;1545;Amenitiesnya tidak variatif dan sabun;facilities;neg;3;0
2280;1546;Konsep lobby nya menarik dengan bbrp kerajinan…;facilities;pos;3;1
2281;1547;Hotel ini dekat dengan Malioboro dan stasiun Tugu;location;pos;1;1
2281;1548;kamar mandi bersih semua;room;pos;0;1
2281;1549;Breakfast banyak pilihan dan rasanya enak;service;pos;2;1
2281;1550;Yg saya suka adalah pelayanan staf dari reservasi sampai petugas parkir semua ramah dan banyak senyum;service;pos;2;1
2282;1551;Tempat penginapan yg sesuai dgn selera dan lokasi sekitar Malioboro menjadikan hotel ini sangat strategis utk bisnis;location;pos;1;1
2282;1552;Suasana dan fasilitas yang tersedia cukup baik;facilities;pos;3;1
2283;1553;Lokasi hotel cukup strategis;location;pos;1;1
2283;1554;ke Malioboro juga dekat;location;pos;1;1
2284;1555;Bangunan Neo terlihat keren dari luar;facilities;pos;3;1
2284;1556;Proses chek in lancar;service;pos;2;1
2284;1557;pembayaran melalui Kartu Kreditpun baik-baik saja;service;pos;2;1
2284;1558;Luuaaasss untuk sendirian berada dikamar;room;pos;0;1
2284;1559;bersih dan handuk yang wangi;facilities;pos;3;1
2284;1560;Amenities lengkap walaupun tidak pernah memakainya tapi selalu berharap ada;facilities;pos;3;1
2285;1561;Love the breakfast;service;pos;2;1
2285;1562;Lokasi hotel sangat strategis dan ada becak khusus neo (berlogo neo) it's cool;location;pos;1;1
2285;1563;kami puas dengan pelayanannya karena kebersihan terjaga;service;pos;2;1
2285;1564;untuk frontdesk dan service sangat bagus;service;pos;2;1
2286;1565;nilai plus sarapan enak & bervariasi  saran : jika ada free antar jemput stasiun tugu;service;pos;2;1
2287;1566;pada saat Check In semua proses check in dijalankan dengan baik oleh Front Desk Agent memberikan kesan pertama yang baik;service;pos;2;1
2287;1567;Pada saat sore menuju malam berkunjung ke Sky Lounge hanya naik satu lantai dari kamar lantai 8 dapet view bagus disana;facilities;pos;3;1
2287;1568;seorang waitress incharge langsung menyapa dan menyambut dengan baik;service;pos;2;1
2287;1569;orang orangnya juga enak diajak ngobrol;service;pos;2;1
2287;1570;kamarpun dibersihkan dengan baik…;room;pos;0;1
2288;1571;Staffnya ramah dan cukup profesional;service;pos;2;1
2288;1572;Kamar hotel rapi dan bersih;room;pos;0;1
2288;1573;Lokasi hotel sangat strategis;location;pos;1;1
2289;1574;pas mandi showernya gak berfungsi;facilities;neg;3;0
2289;1575;aminities nya gak lengkap;facilities;neg;3;0
2289;1576;Trs gelas nya juga msh kotor;facilities;neg;3;0
2290;1577;Sangat disayangkan dgn harga yg saya keluarkan tdk sebanding dgn cita rasa dan varian makanan yg tersedia;service;neg;2;0
2291;1578;karyawannya ramah terutama staff FO nya (Proses Check in cpt;service;pos;2;1
2291;1579;rasanya juga enak;service;pos;2;1
2292;1580;semua serba nyaman dan rapi;service;pos;2;1
2292;1581;mulai dari kamar yang bersih dengan fasilitas lengkap dan design yang kontemporer;room;pos;0;1
2292;1582;restaurant yang sangat lengkap dengan berbagai macam makanan pada saat breakfast;service;pos;2;1
2293;1583;bersih;service;pos;2;1
2293;1584;nyaman dan pelayanannya jg friendly untuk hotel buget;service;pos;2;1
2293;1585;Dan utk akses sangat dekat sekali dgn malioboro dan stasiun hanya jalan sekitar 5 menit;location;pos;1;1
2294;1586;Lokasi hotel terbilang strategis;location;pos;1;1
2294;1587;Integritas petugasnya oke;service;pos;2;1
2296;1588;nyaman dan dekat sekali dengan Malioboro dan stasiun Tugu;location;pos;1;1
2296;1589;kamar yg aku pesan deluxe cukup luas dg living room dan ada 2 TV;room;pos;0;1
2297;1590;Hotel Neo merupakan hotel baru di depan stasiun Tugu dengan pelayanan yang sangat ramah;service;pos;2;1
2297;1591;lokasinya lumayan dekat ke Malioboro dan angkringan kopi JOSS;location;pos;1;1
2297;1592;kekurangannya hanya tidak kedap suara jadi kami bisa mendengar suara dari kamar sebelah yang sangat berisik dan agak mengganggu;room;neg;0;0
2298;1593;Kami berlibur kesini karena dekat dengan Stasiun Tugu Yogyakarta;location;pos;1;1
2298;1594;Check ini cukup sebentar karena sudah di awali dengan memesan di situs pemesanan daring;service;pos;2;1
2298;1595;Menunya cukup variatif dan lezat bagi kami;service;pos;2;1
2299;1596;semua areanya bersih;service;pos;2;1
2299;1597;pool di lantai 2 nya juga ok;facilities;pos;3;1
2299;1598;Makanan di resto juga sangat lengkap saat breakfast;service;pos;2;1
2300;1599;pelayanan yg sgt baik;service;pos;2;1
2300;1600;bakal nginep di neo lg krn dkt dg stasiun;location;pos;1;1
2300;1601;design kmr sgt elegan;room;pos;0;1
2300;1602;smua fasilitas di kmr sdh terpenuhi;facilities;pos;3;1
2300;1603;hny saja utk wifi agak lemot krn wkt itu dpt kmr yg di atas sendr;facilities;neg;3;0
2301;1604;saya berlibur ke jogja bersama teman dan kami sangat terkesan dengan pelayanan di neo hotel;service;pos;2;1
2301;1605;Tempatnya yang strategis karena dekat dengan mallioboro dan stasiun tugu;location;pos;1;1
2301;1606;Kamar bersih dan fasilitas yang lengkap;service;pos;2;1
2301;1607;Selain itu makanan yang disajikan juga beragam dari menu tradisional seperti gudeg sampai menu internasional seperti sushi;service;pos;2;1
2301;1608;Pool view yang bagus karena letaknya di lantai 2 dan jangan lupa mengunjungi sky lounge neo karena ada banyak menu menarik disana;facilities;pos;3;1
2302;1609;Hotel ini sangatlah dekat dengan stasiun kereta api tugu yogyakarta sehingga bila menginap di hotel ini dan memakai transportasi kereta api maka menuju hotel ini tinggal berjalan kaki 3 mnit menuju hotel ini karena hotel ini bersebelahan dengan stasiun kereta api;location;pos;1;1
2302;1610;Untuk pelayanan hotel ini bagus setiap staf hotel menyapa tamunya secara keseluruhan hotel ini bagus hanya saja setiap kamar kurang peredam suara sehingga aktivitas suami istri terdengar heheheheee;room;neg;0;0
2304;1611;Lokasi cukup strategis;location;pos;1;1
2304;1612;kamar-nya cukup baik dan bersih;room;pos;0;1
2304;1613;pelayanannya baik dan staf-nya ramah;service;pos;2;1
2304;1614;nice view dari rooftop resto;facilities;pos;3;1
2304;1615;pool resto 2nd floor served by professional staff dan makananan-nya cukup enak;service;pos;2;1
2304;1616;Superb location with ergonomic budget;service;pos;2;1
2305;1617;kamar nya sangat bersih dan tertata rapi hiasan kamar yang simple namun enak di pandang lokasi sangat dekat dgn malioboro sarapan sangat enak kamar berisik terutama pada malam hari;room;pos;0;1
2306;1618;breakfastnya enak2;service;pos;2;1
2306;1619;kamar tidurnya luas dan nyaman;room;pos;0;1
2307;1620;Petugas booking kurang profesional;service;neg;2;0
2307;1621;selain itu fasilitas dan kenyamanan sudah oke;facilities;pos;3;1
2308;1622;Lokasinya dekat sekali dengan malioboro;location;pos;1;1
2308;1623;ke setasiun TUGU juga dekat sekali;location;pos;1;1
2308;1624;Kamarnya sangat bersih dan nyaman;room;pos;0;1
2308;1625;Pelayananya pun sangat ramah;service;pos;2;1
2308;1626;Restonya nyaman;facilities;pos;3;1
2308;1627;menunya juga banyak;service;pos;2;1
2308;1628;enak pula rasanya;service;pos;2;1
2308;1629;:-D Kolam renang juga nyaman dan bersih;facilities;pos;3;1
2309;1630;dekat dgn tugu dan sarkem;location;pos;1;1
2309;1631;selain itu fasilitas hotel jg lengkap ada kolam renang restoran dan bar dan resto d atas hotel sehingga kita bs melihat pemandangan jogja dr lantai atas;facilities;pos;3;1
2309;1632;kamar ny jg nyaman;room;pos;0;1
2310;1633;Lokasi hotel ini sangat strategis dan sangat dekat dengan Jalan Malioboro serta stasiun Kereta Api;location;pos;1;1
2310;1634;Pelayanan nya cukup ramah;service;pos;2;1
2310;1635;Kamar yang cukup sesuai dengan pesanan;room;pos;0;1
2311;1636;Merupakan hotel baru dekat dengan malioboro cukup jalan 5 menit saja;location;pos;1;1
2311;1637;breakfast nya lumayan;service;pos;2;1
2311;1638;pelayanan nya pun ramah;service;pos;2;1
2311;1639;Memiliki fasilitas seperti free wifi;facilities;pos;3;1
2311;1640;pool (kecil);facilities;neg;3;0
2312;1641;menginap 16-18 Juli 2015: - Hotel baru - Cek in cepat dan bisa masuk kamar lebih awal - Seluruh staff sangat ramah - Kamar Deluxe yang sangat luas - Makanan cukup bervariatif;service;pos;2;1
2312;1642;cuman saat hari kedua agak kurang enak (mungkin terlalu ramai) - Sangat dekat dengan Jalan Malioboro  Sangat baik bagi kami sekeluarga;location;neg;1;0
2313;1643;kami di sambut security dan staff resepsionis yang ramah  untuk kamar cukup luas lah untuk hotel sekelas bintang 3;service;pos;2;1
2313;1644;kamar bersih;room;pos;0;1
2313;1645;namun sayang exhaust fan di kamar mandi tdk hidup sehingga;room;neg;0;0
2313;1646;kalau kamar mandi di tutup kadang bau & pengap itu membuat kenyamanan dalam kamar jadi terganggu untuk makan pagi cukup lumayan lah;room;neg;0;0
2314;1647;dekat banget ama malioboro;location;pos;1;1
2314;1648;ada kolam renang meski kecil;facilities;pos;3;1
2314;1649;makanan yg pilihannya buat breakfast gak terlalu banyak namun cukup enak;service;pos;2;1
2314;1650;smua staff nya ramah banget dari petugas parkir hingga room service nya;service;pos;2;1
2314;1651;Meski lahan parkirnya lebih luas drpd hotel di dagen ato sosrowijayan tapi tetep aja klo dah full ocupancy siap2 liat mobil anda tdk berada di area parkir hotel;facilities;neg;3;0
2315;1652;room service dan pelayanan nya jempol bgt;service;pos;2;1
2315;1653;letak setrategis;location;pos;1;1
2316;1654;dekat dengan stasiun Tugu;location;pos;1;1
2316;1655;dekat dengan Malioboro;location;pos;1;1
2316;1656;Breakfastnya saja yang terlalu standart dan kurang tasty;service;neg;2;0
2316;1657;Kolam renang kecil dan maybe kurang pas buat yang bawa anak kecil dibawah 7 thn;facilities;neg;3;0
2317;1658;Dengan lokasi yang strategis di pusat kota jogja;location;pos;1;1
2317;1659;dekat stasiun KA hanya 50 meter ke arah jln Malioboro;location;pos;1;1
2317;1660;dengan hotel yang bersih harga kamar kompetitif sehingga terjangkau harganya;service;pos;2;1
2317;1661;Restaurant bagus;facilities;pos;3;1
2318;1662;Hotelnya bagus  Lobby;facilities;pos;3;1
2318;1663;Swimming Pool besar dan ada untuk anak-anak;facilities;pos;3;1
2318;1664;Restaurant Untuk makanannya enak;facilities;pos;3;1
2318;1665;dekat dengan jalan malioboro dan Stasiun Kereta;location;pos;1;1
2319;1666;Kamar bersih;room;pos;0;1
2319;1667;pelayanan bagus;service;pos;2;1
2319;1668;kolam renang bagus;facilities;pos;3;1
2319;1669;deket dgn malioboro dan mall;location;pos;1;1
2319;1670;breakfast variatif n enak cocok utk tempat liburan dengan keluarga;service;pos;2;1
2320;1671;Hotelnya bersih dan bagus;service;pos;2;1
2320;1672;lokasi dekat dngan stasiun dan tinggal jalan kaki ke malioboro;location;pos;1;1
2320;1673;makananya enak;service;pos;2;1
2320;1674;ada kolam renang;facilities;pos;3;1
2321;1675;Proses check in cepat;service;pos;2;1
2321;1676;Pilihan menu buffet untuk breakfast bragam & enak;service;pos;2;1
2321;1677;staff ramah dan helpful;service;pos;2;1
2321;1678;Lokasi strategis dekat dari stasiun;location;pos;1;1
2322;1679;Letak sangat strategis;location;pos;1;1
2322;1680;Proses Check in cepat +-5 menit;service;pos;2;1
2322;1681;Kamar luas dan pilihan warna yang elegan;room;pos;0;1
2322;1682;rapi dan bersih;room;pos;0;1
2322;1683;Kamar mandi juga tertata dengan baik;room;pos;0;1
2322;1684;Breakfast dengan menu sangat beragam dan sangat menggugah selera;service;pos;2;1
2323;1685;Mereka sangat membantu untuk menawarkan untuk berkemas sarapan kami ketika mereka tahu kami akan keluar lebih awal dan sebelum jam sarapan mereka;service;pos;2;1
2323;1686;Kamar cukup luas dan bersih;room;pos;0;1
2323;1687;dengan banyak saluran TV untuk memilih;facilities;pos;3;1
2324;1688;Yang terbaik adalah lokasi;location;pos;1;1
2324;1689;memiliki wifi gratis;facilities;pos;3;1
2324;1690;Staf sangat muda dan membantu (kecuali untuk akhir check out;service;pos;2;1
2324;1691;Sarapan sangat baik dan bagian timur/barat pilihan;service;pos;2;1
2324;1692;Yang terburuk adalah kebersihan;service;neg;2;0
2325;1693;Staf adalah sangat ramah dan kamar sangat bersih;service;pos;2;1
2325;1694;Bar di lantai atas memberikan pemandangan yang indah dari pusat kota Yogya;facilities;pos;3;1
2326;1695;spaciuos dan kamar yang sangat bersih;room;pos;0;1
2326;1696;sangat besar dengan tempat tidur ganda dan tepat di seberang Stasiun Tugu;room;pos;0;1
2326;1697;proses check in dan check out lancar;service;pos;2;1
2326;1698;Sarapan yang sangat baik (mereka menambahkan beberapa makanan tradisional lokal dan itu sangat bagus;service;pos;2;1
2327;1699;tempat tidur nyaman dan Super King;room;pos;0;1
2327;1700;lengkap dengan peralatan;facilities;pos;3;1
2327;1701;Sarapannya biasa saja;service;pos;2;1
2327;1702;butuh lebih banyak variasi makanan Indonesia;service;neg;2;0
2328;1703;Staf sangat ramah dan berbicara bahasa Inggris dengan baik;service;pos;2;1
2328;1704;Hotel menawarkan makanan yang sangat baik malam makan malam mosts hamparan;service;pos;2;1
2329;1705;Lokasi Strategis - hanya beberapa langkah untuk keramaian dan hiruk pikuk jalan Malioboro;location;pos;1;1
2329;1706;Kami memiliki tidur yang sempurna dan nyaman;service;pos;2;1
2329;1707;staf yang sangat membantu dan komunikatif;service;pos;2;1
2330;1708;dan sarapan sangat baik;service;pos;2;1
2330;1709;mereka memiliki layanan pelanggan yang terburuk yang pernah kami alami;service;neg;2;0
2331;1710;ac dingin;facilities;pos;3;1
2331;1711;tempat tidur nyaman;facilities;pos;3;1
2331;1712;lemari es dan air pemanas bekerja dengan baik;facilities;pos;3;1
2331;1713;Toilet bersih;room;pos;0;1
2332;1714;Staf resepsi sangat profesional dan cepat;service;pos;2;1
2332;1715;Kami menikmati sarapan - pilihan yang luas dari makanan Barat dan Indonesia;service;pos;2;1
2332;1716;Dan kolam renang adalah sangat menyenangkan (tapi handuk kolam renang perlu diperiksa lebih sering karena tidak ada yang tersedia setelah berenang);facilities;neg;3;0
2332;1717;Kamar yang sangat nyaman;room;pos;0;1
2333;1718;Sangat ramah dan membantu;service;pos;2;1
2334;1719;modern dan kamar yang nyaman;room;pos;0;1
2334;1720;tempat tidur yang sangat nyaman;facilities;pos;3;1
2334;1721;kamar mandi yang bagus;room;pos;0;1
2334;1722;layanan yang ramah;service;pos;2;1
2334;1723;bagus atap bar dan restoran (coba sate);facilities;pos;3;1
2334;1724;dekorasi yang indah;facilities;pos;3;1
2334;1725;kamar yang tenang;room;pos;0;1
2335;1726;Saya pikir ulasan ini akan sangat berbeda jika kami tidak mengunjungi selama bulan Ramadhan tapi sayangnya kami tidak dan oleh karena itu Pro dan kontra akan didasarkan pada saat kami tinggal selama 4 hari di bulan Juni -   Kelebihan:   - Lokasi yang fantastis di pusat kota;service;neg;2;0
2335;1727;- Layanan binatu sangat cepat  - Ada toko 24 jam di dalam hotel sangat praktis  - Sky Bar dengan pemandangan yang bagus  - Dekat dengan stasiun kereta api dan sekitar 15 menit berkendara dari Bandara  Kekurangan:   - Mengunjungi Sky Bar lantai atas ketika dibuka di 12;facilities;neg;3;0
2336;1728;Hotel modern di lokasi yang sangat baik;location;pos;1;1
2336;1729;Sangat ramah dan layanan - staf yang sama;service;pos;2;1
2336;1730;Makanan yang lezat;service;pos;2;1
2336;1731;Baik kamar dan fasilitas;room;pos;0;1
2336;1732;Wifi agak lambat di kali;facilities;neg;3;0
2336;1733;Bagian kolam renang yang menyenangkan;facilities;pos;3;1
2336;1734;tidak ada handuk yang tersedia (atau saya tidak melihat mereka);facilities;neg;3;0
2337;1735;Lokasi yang besar;location;pos;1;1
2337;1736;Resepsionis dapat berbicara bahasa Inggris dan cek dalam proses itu cepat & keluar;service;pos;2;1
2337;1737;Tempat Tidur & bantal yang nyaman dan pilihan besar saluran TV;facilities;pos;3;1
2337;1738;bagian yang buruk tentang hotel ini adalah tepat di bawah jalur penerbangan;location;neg;1;0
2338;1739;sangat dekat dengan pusat perbelanjaan Malioboro;location;pos;1;1
2338;1740;Bagus & bersih;service;pos;2;1
2338;1741;tempat tidur yang nyaman & kamar yang luas;room;pos;0;1
2338;1742;Sarapan sangat baik dengan banyak pilihan;service;pos;2;1
2338;1743;Staf penerimaan sangat baik;service;pos;2;1
2339;1744;Makanan yang baik banyak pilihan kotak berisi kue;service;pos;2;1
2339;1745;Atap bar adalah bagian terbaik dari hotel;facilities;pos;3;1
2340;1746;Itu baru dan staf yang ramah;service;pos;2;1
2340;1747;Kamar yang sangat bersih;room;pos;0;1
2340;1748;Ada berbagai baik item yang disajikan pada saat sarapan pagi;service;pos;2;1
2340;1749;Hotel ini terletak sangat dekat dengan Jalan Malioboro dan sangat mudah untuk pergi ke tempat perbelanjaan;location;pos;1;1
2341;1750;Hotel Budget yang dekat dengan jalan malioboro;location;pos;1;1
2341;1751;Kamarnya bersih dan nyaman;room;pos;0;1
2341;1752;Staf adalah sangat responsif dan membantu;service;pos;2;1
2342;1753;Kamarnya bersih dan kamar mandi/mebel tampak baru;room;pos;0;1
2342;1754;Staf yang sangat ramah dan staf perempuan memberikan tampilan yang mengesankan dengan wig;service;pos;2;1
2342;1755;Bersiaplah untuk kereta membunyikan klakson karena hotel ini dekat dengan stasiun kereta api Tugu;location;pos;1;1
2342;1756;Lokasinya sangat strategis karena hanya membutuhkan waktu…;location;pos;1;1
2343;1757;Terletak di dekat jalan Malioboro yang terkenal dan ramai;location;pos;1;1
2343;1758;Tempat Tidur seprai dan handuk yang sangat bersih dan mereka membuat usaha untuk membersihkan kamar setiap hari;facilities;pos;3;1
2343;1759;menjadi kotor dan banyak stasiun akan kehabisan makanan;service;neg;2;0
2343;1760;Makanan rata-rata;service;pos;2;1
2343;1761;Hotel ini terletak tepat di depan Stasiun kereta dan membunyikan peluit atau kereta cukup keras dan kami bisa mendengar suara dari kamar sehingga jika anda lampu tidur Anda mungkin tidak memiliki tidur yang baik;location;neg;1;0
2345;1762;Staf yang sangat ramah;service;pos;2;1
2345;1763;kamar bersih dan tempat tidur yang nyaman;room;pos;0;1
2347;1764;Sarapan tidak banyak untuk mengatakan - tidak sebagus yang telah dijelaskan    2;service;neg;2;0
2347;1765;kolam renang tidak ada handuk tersedia dan Anda harus mencari seseorang   4;facilities;neg;3;0
2347;1766;Kolam renang sangat kotor    5;facilities;neg;3;0
2347;1767;kredit untuk semua karyawan karena mereka sangat ramah dan membantu;service;pos;2;1
2348;1768;lokasi yang luar biasa;location;pos;1;1
2348;1769;Staf yang ramah;service;pos;2;1
2348;1770;Kamar sangat besar dan luas;room;pos;0;1
2348;1771;Sarapan enak;service;pos;2;1
2349;1772;Staf yang indah dan sangat membantu;service;pos;2;1
2349;1773;Kesepakatan kami termasuk sarapan setiap hari dan itu selalu segar dan luar biasa;service;pos;2;1
2349;1774;Mereka mampu memuaskan semua selera;service;pos;2;1
2349;1775;Kamar sangat nyaman dan bersih;room;pos;0;1
2349;1776;Mereka dilayani setiap hari dengan ramah;service;pos;2;1
2349;1777;Kolam renang yang luar biasa;facilities;pos;3;1
2349;1778;Hotel ini juga sangat singkat berjalan kaki dari jalan Malioboro;location;pos;1;1
2350;1779;posisi yang sangat baik;location;pos;1;1
2350;1780;Pemesanan adalah sangat mudah dengan aplikasi Kepulauan;facilities;pos;3;1
2351;1781;Sarapan prasmanan yang sangat baik;service;pos;2;1
2351;1782;Tempat tidur yang lembut dengan bantal;facilities;pos;3;1
2351;1783;Satu-satunya hal yang saya tidak suka adalah koneksi wifi sangat lemah;facilities;neg;3;0
2352;1784;Proses check-in sangat menyenangkan;service;pos;2;1
2352;1785;Kabel TV memiliki pilihan yang baik;facilities;pos;3;1
2352;1786;dan wifi juga wuite cepat;facilities;pos;3;1
2353;1787;Lokasi yang bagus dekat dengan jalan malioboro;location;pos;1;1
2353;1788;Staf yang ramah;service;pos;2;1
2353;1789;sarapan memiliki berbagai baik Indonesia dan makanan Barat;service;pos;2;1
2353;1790;Kamar perlu lebih kedap suara;room;neg;0;0
2354;1791;Tidak ada lemari atau meja samping untuk menaruh koper;facilities;neg;3;0
2354;1792;Interior kamar tidak seperti yang diharapkan;room;neg;0;0
2354;1793;Lokasi yang sangat nyaman;location;pos;1;1
2354;1794;Makanan yang sangat baik;service;pos;2;1
2355;1795;Hanya sedikit bising karena dari dekat dengan stasiun kereta api;location;neg;1;0
2356;1796;Karena kamar yang sangat bersih;room;pos;0;1
2356;1797;nyaman dan lokasi yang sangat dekat dengan stasiun kereta api dari Yogyakarta dan jalan Malioboro jika Anda ingin menjelajahi tempat ini;location;pos;1;1
2357;1798;hotel ini terletak sangat dekat dengan jalan malioboro tapi sarapan yang dimulai pada pukul 06;location;pos;1;1
2357;1799;Tapi ketika saya check-out apa yang saya inginkan tidak siap sehingga saya tidak percaya staf lobi tidak bisa arraged dengan baik apa yang saya inginkan;service;neg;2;0
2357;1800;hotel ini juga dekat dengan stasiun kereta Jogja sehingga tamu dapat mendengar suara dari kereta api;location;pos;1;1
2358;1801;Hotel yang bagus dengan sangat ramah dan sangat membantu staf yang pergi keluar dari jalan mereka untuk membantu saya dengan semua pertanyaan saya dan kebutuhan  Kamar mandinya bersih dan nyaman  Sarapan dan makan malam prasmanan sangat baik  Kamar berisik dengan lewat kereta api  Terima kasih Neo untuk pengalaman menginap yang sangat bagus;service;pos;2;1
2359;1802;Ubin lantai di kamar memberikan suasana agak steril;room;pos;0;1
2359;1803;Kamar mandi yang besar;room;pos;0;1
2359;1804;stafnya sangat ramah dan membantu;service;pos;2;1
2359;1805;Yang berarti bahwa pilihan saat sarapan barat sangat terbatas pilihan makanan sementara di Indonesia sangat luar biasa;service;pos;2;1
2359;1806;Kami memiliki nasib buruk bahwa selama kami tinggal 4 bus sekolah juga tinggal dengan anak yang memberikan suara tambahan pada malam hari dan di pagi hari dan lift yang tidak tersedia;facilities;neg;3;0
2360;1807;Kamar sangat bersih dan luas;room;pos;0;1
2361;1808;Terletak di lokasi yang strategis di Jalan Malioboro;location;pos;1;1
2362;1809;Sarapan adalah akhir seperti yang dinyatakan dan barang tidak dikirim ke kamar seperti yang dijanjikan menunjukkan kurangnya rasa hormat bagi pelanggan;service;neg;2;0
2362;1810;Hotel ini berada dekat dengan stasiun kereta api cukup berisik ditambah tidak diberikan kamar lantai atas seperti yang diminta pada saat pemesanan;room;neg;0;0
2363;1811;banyak kebisingan dari kamar sebelah kereta api dan kereta api khususnya di awal pagi wow begitu banyak kali dan peluit panjang;room;neg;0;0
2363;1812;dan tidak begitu bersih seperti yang terlihat;service;neg;2;0
2364;1813;Kualitas kamar sangat baik;room;pos;0;1
2364;1814;bersih dan rapi;service;pos;2;1
2364;1815;Tempat tidur dan bantal yang sangat lembut;facilities;pos;3;1
2364;1816;Staf yang sangat ramah dengan kualitas yang bagus dan kecepatan layanan;service;pos;2;1
2364;1817;Dekat dengan kota;location;pos;1;1
2365;1818;Terima kasih untuk tim Meja depan (MS MS & Agnes Kartika) untuk cepat check in/check out;service;pos;2;1
2366;1819;Layanan yang baik;service;pos;2;1
2366;1820;Kamar nyaman dan bersih;room;pos;0;1
2366;1821;Menu sarapan pagi yang bervariasi dan lezat;service;pos;2;1
2366;1822;Hotel strategis dekat dengan Stasiun Kereta dan Jalan Malioboro;location;pos;1;1
2367;1823;Harga terbaik;service;pos;2;1
2367;1824;layanan terbaik;service;pos;2;1
2367;1825;sarapan yang bervariasi;service;pos;2;1
2367;1826;Kamar mandi yang bersih;room;pos;0;1
2367;1827;hanya masalah saya adalah bahwa saluran TV terbatas terutama tentang film;facilities;neg;3;0
2368;1828;<3  Staf menyambut saya dan teman saya dengan sangat hangat dan mereka sangat sopan dan membantu;service;pos;2;1
2368;1829;Kamar sangat bersih dan keamanan yang sangat baik kamar;room;pos;0;1
2368;1830;Mereka menyediakan layanan kamar setiap hari dan mereka menyediakan ketel tapi tidak ada teh gratis mengisi dan Nescafe tapi itu dapat diterima bagi kita;facilities;pos;3;1
2368;1831;Tempat tidur dan bantal yang sangat nyaman;facilities;pos;3;1
2368;1832;Hotel ini sangat dekat dengan Jalan Malioboro dan Malioboro Mall;location;pos;1;1
2369;1833;Hotel ini sangat dekat dengan Malioboro dan tempat lainnya;location;pos;1;1
2369;1834;Fasilitas yang sangat baik dan memberikan apa yang saya butuhkan pada perjalanan saya;facilities;pos;3;1
2369;1835;Respon yang cepat dan sarapan adalah yang terbaik yang pernah saya dapatkan dari Neo;service;pos;2;1
2370;1836;Hotel yang bagus tapi mereka bisa merekomendasikan kepada kami dengan kamar yang lebih besar untuk keluarga empat;service;pos;2;1
2370;1837;restoran dan layanan kamar yang sangat baik;service;pos;2;1
2370;1838;Kami memiliki sarapan dan makan malam di hotel dan mereka memiliki kombinasi yang hebat makanan Barat dan tradisional;service;pos;2;1
2370;1839;Hotel ini sangat dekat dengan Jalan Malioboro yang terkenal dan stasiun kereta api Tugu Yogyakarta;location;pos;1;1
2371;1840;Hotel ini memiliki tempat yang strategis;location;pos;1;1
2371;1841;dekat dengan kota dan stasiun kereta api;location;pos;1;1
2372;1842;dekat dengan Jalan Malioboro dan Bandara hanya berjarak 25 menit;location;pos;1;1
2372;1843;ada banyak pilihan untuk sarapan dan Sky Lounge yang menghadap kota;service;pos;2;1
2373;1844;Saya mungkin akan mengatakan bahwa Neo Hotel MALIOBORO memiliki lokasi yang terbaik untuk pergi ke tempat manapun di Yogyakarta;location;pos;1;1
2373;1845;sangat bersih;service;pos;2;1
2373;1846;staf yang ramah dan Sarapan Baik;service;pos;2;1
2374;1847;kamarnya cukup besar;room;pos;0;1
2374;1848;Dan staf sangat ramah terutama Ken di depan kantor;service;pos;2;1
2374;1849;tapi saya tidak akan mengeluh sama sekali karena layanan yang sangat memuaskan;service;pos;2;1
2375;1850;Hotel yang bagus dengan kamar yang nyaman;room;pos;0;1
2375;1851;bersih;service;pos;2;1
2375;1852;karyawan ramah;service;pos;2;1
2375;1853;pelayanan yang baik;service;pos;2;1
2375;1854;lokasi yang strategis (Jogja);location;pos;1;1
2375;1855;Lokasinya dekat dengan jalan malioboro & stasiun kereta api;location;pos;1;1
2375;1856;Sky Lounge yang bagus;facilities;pos;3;1
2375;1857;restoran yang bagus dan kolam renang;facilities;pos;3;1
2376;1858;kamar bersih dan nyaman;room;pos;0;1
2376;1859;staf yang ramah dan menyenangkan;service;pos;2;1
2378;1860;pemeliharaan yang buruk;service;neg;2;0
2378;1861;Saya menemukan meja yang rusak dan tanpa pintu ruang ganti di area kolam renang;facilities;neg;3;0
2378;1862;tapi Super Hebat bagus dan staf yang ramah;service;pos;2;1
2379;1863;pelayanan yang baik;service;pos;2;1
2379;1864;Hotel ini terletak di pusat kota dan dekat untuk pergi di sekitar kota;location;pos;1;1
2379;1865;kamar yang cukup besar dan fasilitas yang cukup;room;pos;0;1
2379;1866;direkomendasikan hotel yang dekat dengan Jalan Malioboro di Jogja;location;pos;1;1
2380;1867;Hotel ini sangat dekat dengan Jalan Malioboro di Jogja;location;pos;1;1
2381;1868;Lokasi adalah hanya 5 menit berjalan kaki dari jalan Malioboro di mana Anda dapat berdada jelajahi Yogyakarta dan langsung membeli apapun yang dibuat dari produk lokal di Indonesia harga termurah;location;pos;1;1
2381;1869;Staf sangat ramah dan penuh perhatian;service;pos;2;1
2381;1870;Kamar yang modern dan kebersihan yang bagus d Allahumma;room;pos;0;1
2382;1871;Kamar yang bersih;room;pos;0;1
2382;1872;staf yang ramah;service;pos;2;1
2382;1873;Banyak pilihan untuk sarapan;service;pos;2;1
2383;1874;modern dan bersih;service;pos;2;1
2383;1875;Staf adalah menakjubkan dan mereka tahu tentang keramahan yang ramah;service;pos;2;1
2383;1876;Sebagian besar makanan prasmanan kontinental dan beberapa stasiun makanan indah dihiasi (goreng telur;service;pos;2;1
2384;1877;poin yang baik:  staff check in sangat cepat dan efisien kamar yang bersih dan fasilitas yang baik bagus lokasi pusat kota  buruk poin:  kebisingan dari kereta api di malam hari yang sangat tak tertahankan menu sarapan sama setiap hari;room;neg;0;0
2385;1878;tempat yang baik dan ramah;service;pos;2;1
2385;1879;Staf yang sangat membantu;service;pos;2;1
2385;1880;mereka membantu mengelola saluran TV;service;pos;2;1
2385;1881;Lokasi yang sangat bagus;location;pos;1;1
2386;1882;ada lift yang dapat digunakan untuk akses whellchair;facilities;pos;3;1
2386;1883;kamar yang bersih;room;pos;0;1
2386;1884;banyak berbagai makanan untuk sarapan;service;pos;2;1
2386;1885;dekat dengan stasiun tugu dan Jalan Malioboro;location;pos;1;1
2386;1886;kolam renang tidak terlalu besar untuk parkir dan perlu perbaikan karena ke daerah kecil;facilities;neg;3;0
2387;1887;itu bersih;service;pos;2;1
2387;1888;Staf sangat sopan dan membantu;service;pos;2;1
2387;1889;Lokasi yang besar;location;pos;1;1
2388;1890;Hotel Neo Malioboro adalah hotel yang bagus dengan lokasi yang strategis;location;pos;1;1
2388;1891;Mereka menawarkan banyak pilihan makanan saat sarapan;service;pos;2;1
2388;1892;Staf yang sangat baik;service;pos;2;1
2388;1893;dan kebersihan hotel ini lumayan;service;pos;2;1
2389;1894;Neo adalah hotel yang bagus di lokasi yang bagus;location;pos;1;1
2389;1895;Akses mudah ke banyak makanan dan Jalan Malioboro yang terkenal dengan deretan toko-toko dan tempat makan;location;pos;1;1
2389;1896;Besar nilai untuk uang dan layanan yang sangat baik;service;pos;2;1
2390;1897;Neo Malioboro sangat menarik dengan gaya modern dan dibandingkan dengan lain hotel;facilities;pos;3;1
2390;1898;Neo Malioboro memberikan harga terbaik kami untuk perjalanan liburan di Yogya;service;pos;2;1
2390;1899;dan kamar rapi;room;pos;0;1
2391;1900;Kamar di belakang tenang dengan hanya panggilan awal untuk khawatir;room;pos;0;1
2391;1901;Semua staf yang ramah dan membantu;service;pos;2;1
2392;1902;Lokasi hotel ini sangat strategis karena dekat dengan Malioboro;location;pos;1;1
2392;1903;tapi kebersihan kamar yang saya pikir adalah rata-rata;room;pos;0;1
2392;1904;Saya mendapatkan beberapa buah yang tidak boleh dimakan karena tidak segar lagi;facilities;neg;3;0
2392;1905;Di sisi lain saya sangat puas dengan kualitas koneksi internet;facilities;pos;3;1
2393;1906;Terletak dekat dengan Stasiun Kereta dan Jalan Malioboro sehingga memudahkan bagi pelancong untuk menikmati perjalanan mereka;location;pos;1;1
2393;1907;Para staf juga sangat membantu;service;pos;2;1
2393;1908;Hotel ini bersih;service;pos;2;1
2393;1909;menyediakan sarapan besar;service;pos;2;1
2393;1910;akses wifi yang cepat;facilities;pos;3;1
2394;1911;Lokasi hotel ini sangat sentral sempurna;location;pos;1;1
2394;1912;Pelayanan di Neo Hotel adalah super efisien;service;pos;2;1
2395;1913;Hotel Neo Malioboro sangat nyaman dan bersih;service;pos;2;1
2395;1914;Makanan yang cocok untuk saya yang tidak terlalu rumit;service;pos;2;1
2395;1915;Staf sangat baik dan suka membantu Frtontliner resepsionis;service;pos;2;1
2395;1916;Hotel dekat dengan ikon Kota Jogja Jalan Malioboro yang terkenal;location;pos;1;1
2396;1917;Resepsionis adalah sangat ramah dan membantu;service;pos;2;1
2396;1918;Saya mendapatkan kamar deluxe yang cukup besar untuk 2 orang;room;pos;0;1
2396;1919;Sarapan yang baik dengan banyak berbagai makanan;service;pos;2;1
2396;1920;Kolam renang cukup bagus;facilities;pos;3;1
2396;1921;Hotel ini memiliki lokasi yang sempurna dengan Malioboro Mall   Hotel ini memiliki minimarket di dekat lobby dan dekat dengan stasiun kereta api/Stasiun Tugu tugu sehingga anda bisa di sini sedikit bising di malam tapi itu cukup baik;location;pos;1;1
2396;1922;Restoran di hotel memiliki makanan yang baik dan tidak terlalu mahal seperti di hotel lain;service;pos;2;1
2397;1923;Lokasi yang sempurna dekat dengan jalan malioboro;location;pos;1;1
2397;1924;The Sky Lounge adalah tempat yang sempurna untuk makan malam di malam hari dan duduk dan melihat pemandangan kota;facilities;pos;3;1
2398;1925;sangat dekat dengan atraksi turis;location;pos;1;1
2398;1926;Dan dekat dengan Stasiun Tugu;location;pos;1;1
2399;1927;Kamar bagus dan bersih;room;pos;0;1
2399;1928;restoran tidak cukup untuk melayani semua tamu untuk sarapan;facilities;neg;3;0
2400;1929;Lokasi yang sempurna;location;pos;1;1
2400;1930;Staf sangat ramah dan membantu;service;pos;2;1
2400;1931;memberikan layanan yang cepat dan baik;service;pos;2;1
2400;1932;Kolam renang yang bersih dan pemandangan kota yang bagus;facilities;pos;3;1
2400;1933;Sarapan sangat bagus karena banyak varian yang tersedia;service;pos;2;1
2401;1934;Keamanan adalah baik untuk tamu;service;pos;2;1
2402;1935;Posisi sangat dekat dengan Malioboro;location;pos;1;1
2403;1936;Ruangan itu bagus dan bersih;room;pos;0;1
2403;1937;Semuanya bagus kecuali untuk handuk;facilities;neg;3;0
2404;1938;Kamar luas;room;pos;0;1
2404;1939;tempat tidur nyaman dan lokasi yang sangat dekat dengan jalan malioboro;location;pos;1;1
2405;1940;Kamar bersih;room;pos;0;1
2405;1941;banyak makanan di waktu sarapan;service;pos;2;1
2405;1942;meja depan orang yang sangat bagus;facilities;pos;3;1
2405;1943;sangat dekat dengan Malioboro;location;pos;1;1
2405;1944;begitu banyak restoran dekat hotel;location;pos;1;1
2406;1945;Mereka sangat ramah kepada kami;service;pos;2;1
2406;1946;Kamar yang sangat bagus;room;pos;0;1
2406;1947;makanan yang baik;service;pos;2;1
2407;1948;Kamar baru dialokasikan 723 memang tenang;room;pos;0;1
2408;1949;Pilihan makanan yang cukup baik di hotel ini;service;pos;2;1
2408;1950;Rasanya enak;service;pos;2;1
2408;1951;Lokasinya sangat dekat dengan;location;pos;1;1
2409;1952;sangat bagus dan kamar hotel bersih;room;pos;0;1
2409;1953;tapi layanan tidak tersendat dan tidak pernah terlalu sibuk untuk membantu;service;pos;2;1
2409;1954;Fasilitasnya juga bagus - bar atas atap adalah menakjubkan dan area kolam bagus;facilities;pos;3;1
2409;1955;Ada juga banyak pilihan di sarapan;service;pos;2;1
2410;1956;dekat dengan semua tempat;location;pos;1;1
2410;1957;hanya satu hal adalah tidak menyenangkan seperti suara dari kereta api;location;neg;1;0
2412;1958;memberikan Anda akses mudah jika anda ingin melakukan perjalanan ke Solo dengan kereta api;location;pos;1;1
2412;1959;Kamar sangat bagus;room;pos;0;1
2412;1960;dan pelayanannya juga sangat bagus;service;pos;2;1
2413;1961;Hotel ini memiliki lokasi yang bagus dan pelayanan yang baik;location;pos;1;1
2413;1962;tetapi saya berharap manajemen hotel Neo akan meningkatkan kebersihan untuk menjadi tempat yang sangat bagus yang tamu dapat memilih;service;neg;2;0
2414;1963;Kamar kami bersih;room;pos;0;1
2414;1964;tapi kamar mandinya sedikit kotor;room;neg;0;0
2414;1965;Seprai tempat tidurnya bersih dan nyaman;facilities;pos;3;1
2414;1966;Staf sangat ramah dan membantu;service;pos;2;1
2415;1967;sarapan yang baik;service;pos;2;1
2415;1968;kamar yang bersih lokasi yang bagus staf yang baik dan pekerja sarapan memiliki banyak pilihan;service;pos;2;1
2417;1969;Ini adalah harga terbaik dan terdekat dengan jalan malioboro;service;pos;2;1
2417;1970;sangat mudah untuk pergi ke mana saja dan tidak terlalu jauh dari setiap tempat;location;pos;1;1
2418;1971;Kamar yang ukuran yang baik;room;pos;0;1
2418;1972;tempat tidur yang sangat nyaman dengan standar Asia;facilities;pos;3;1
2418;1973;AC bekerja dengan baik;facilities;pos;3;1
2418;1974;wifi sangat baik;facilities;pos;3;1
2418;1975;tekanan air di kamar mandi kuat dan air tinggal cukup panas;facilities;pos;3;1
2418;1976;Lokasi fantastis;location;pos;1;1
2418;1977;Restoran yang layak;facilities;pos;3;1
2419;1978;Yang terbaik adalah karena hotel ini dekat dengan Jalan Malioboro;location;pos;1;1
2419;1979;sangat mudah untuk pergi ke mana saja dan tidak terlalu jauh dari setiap tempat;location;pos;1;1
2419;1980;Publik tansport banyak dan di dekatnya;location;pos;1;1
2420;1981;Lokasi adalah luar biasa karena hotel ini dekat dengan Jalan Malioboro dan jalan desa internasional di mana banyak backpackers tinggal;location;pos;1;1
2420;1982;Staf meja depan yang selalu sangat membantu;service;pos;2;1
2420;1983;Hotel ini sangat bersih;service;pos;2;1
2421;1984;Kejutan yang menyenangkan seperti yang saya harapkan kurang untuk properti dan layanan yang berkualitas;service;pos;2;1
2421;1985;Properti kecil tapi merasa seperti di rumah dengan ruang kamar yang cukup besar (Asia);room;pos;0;1
2422;1986;Staf yang ramah;service;pos;2;1
2422;1987;lokasi yang baik dan layanan yang cepat seperti laundry juga;location;pos;1;1
2422;1988;Wifi bagus;facilities;pos;3;1
2422;1989;Sarapan bisa memiliki lebih banyak pilihan;service;pos;2;1
2422;1990;Kamar yang bersih dan nilai untuk uang juga;room;pos;0;1
2422;1991;Ruang makan malam adalah sebagai baik;facilities;pos;3;1
2423;1992;Hotel ini bersih;service;pos;2;1
2423;1993;Perabotan baru dan fasilitas di dalam kamar;facilities;pos;3;1
2423;1994;Staf yang baik;service;pos;2;1
2423;1995;Saya suka koleksi film di dalam kamar;facilities;pos;3;1
2423;1996;Saya tidak suka kamar merokok karena bau tobbacos masih di sekitar kamar;room;neg;0;0
2424;1997;Lokasi yang besar;location;pos;1;1
2424;1998;kamar yang menakjubkan;room;pos;0;1
2424;1999;sarapan yang baik;service;pos;2;1
2424;2000;check in yang cepat;service;pos;2;1
2424;2001;kamar yang bersih tapi kamar mandi agak bau;room;neg;0;0
2425;2002;Dia Neo Hotel Malioboro adalah salah satu favorit saya untuk tinggal ketika di Jogja Lokasi yang bagus;location;pos;1;1
2425;2003;staf yang ramah;service;pos;2;1
2425;2004;kamar yang baik (untuk harga);room;pos;0;1
2426;2005;desain yang berbeda sehingga kamar terlihat bagus;room;pos;0;1
2426;2006;sarapan yang baik;service;pos;2;1
2426;2007;staf yang ramah dan lokasi yang bagus dekat dengan Malioboro dan tempat lain untuk menginap di hotel untuk direkomendasikan Explorer;location;pos;1;1
2427;2008;Mudah dan cepat saat check in;service;pos;2;1
2427;2009;kamar yang bersih;room;pos;0;1
2427;2010;fasilitas lengkap;facilities;pos;3;1
2427;2011;dekat Malioboro dan stasiun kereta api;location;pos;1;1
2428;2012;Tempat ideal untuk pusat Jogja;location;pos;1;1
2428;2013;staf semua sangat membantu;service;pos;2;1
2428;2014;sarapan sangat baik;service;pos;2;1
2428;2015;sangat nyaman kamar dengan semua fasilitas;room;pos;0;1
2429;2016;Kamar yang sangat luas dan memiliki semua kebutuhan orang yang membutuhkan;room;pos;0;1
2429;2017;Sky Lounge adalah luar biasa;facilities;pos;3;1
2429;2018;Merayakan ulang tahun di sana dengan makanan yang baik;service;pos;2;1
2429;2019;hebat minuman dan lagu yang luar biasa;service;pos;2;1
2429;2020;Sky Lounge adalah cukup kosong;facilities;neg;3;0
2430;2021;Lokasinya bagus namun kebersihan perlu ditingkatkan;location;neg;1;0
2430;2022;Saya memiliki sarung bantal yang memiliki noda cokelat di atasnya;facilities;neg;3;0
2430;2023;Salah satu handuk juga memiliki noda cokelat dan ketika kami meminta penggantian Thye mengatakan itu akan mengambil handuk karena mereka menyediakan sangat berkurang;facilities;neg;3;0
2431;2024;ini tempat yang bagus dekat dengan Jalan Malioboro;location;pos;1;1
2431;2025;Layanan yang baik;service;pos;2;1
2431;2026;Kamar yang bagus;room;pos;0;1
2431;2027;Makanan yang baik;service;pos;2;1
2431;2028;tapi untuk parkir terlalu kecil;facilities;neg;3;0
2432;2029;Lokasinya di jalan Malioboro adalah tempat yang sangat nyaman;location;pos;1;1
2432;2030;dekat dengan banyak tempat makan;location;pos;1;1
2432;2031;Kamar umumnya bersih dan rapi;room;pos;0;1
2433;2032;lokasi yang besar;location;pos;1;1
2433;2033;staf yang ramah;service;pos;2;1
2434;2034;Kamar cukup besar;room;pos;0;1
2434;2035;bersih;service;pos;2;1
2434;2036;Namun karena lokasinya dekat dengan stasiun kereta api;location;pos;1;1
2434;2037;Sarapan besar;service;pos;2;1
2434;2038;menu bervariasi;service;pos;2;1
2434;2039;hotel ini bersih dan terawat dengan baik;service;pos;2;1
2435;2040;Makanan yang sangat baik;service;pos;2;1
2435;2041;pemandangan dari Sky Lounge adalah tempat yang mempesona;facilities;pos;3;1
2435;2042;layanan yang sangat baik dan juga F & menjadi manajer;service;pos;2;1
2436;2043;Hotel dekat Malioboro mall baru;location;pos;1;1
2436;2044;Besar kamar yang nyaman;room;pos;0;1
2436;2045;sangat bersih;service;pos;2;1
2436;2046;baik wifi melalui keluar hotel;facilities;pos;3;1
2436;2047;Tidak menggunakan kolam renang tapi itu tampak bagus yang terletak di lantai 2 nd lantai restorannya juga;facilities;pos;3;1
2436;2048;Di atas Sky Lounge dengan pemandangan yang bagus dan musik live setiap malam;facilities;pos;3;1
2437;2049;Pelayanan yang baik;service;pos;2;1
2437;2050;harga yang baik;service;pos;2;1
2437;2051;Tapi lampu tidak cukup terang;facilities;neg;3;0
2437;2052;Tempat tidur (kamar 308) saya tinggal adalah tidak dalam kondisi baik;room;neg;0;0
2437;2053;Namun saya masih sastified untuk lokasi;location;pos;1;1
2437;2054;layanan dan makanan yang lezat;service;pos;2;1
2438;2055;lokasi dekat Malioboro dan kamar bersih;location;pos;1;1
2438;2056;Sarapan wonderlul;service;pos;2;1
2438;2057;banyak pilihan makanan juga makanan tradisional;service;pos;2;1
2438;2058;Resepsionis dan petugas keamanan ramah dan membantu;service;pos;2;1
2439;2059;Lokasi yang bagus - dekat dengan pusat kota;location;pos;1;1
2439;2060;sarapan pagi yang bervariasi - selera yang baik;service;pos;2;1
2439;2061;tempat tidur yang nyaman - santai setelah hari tur;room;pos;0;1
2440;2062;Hotel Baru yang strategis dan terletak di jalan yang sibuk;location;pos;1;1
2440;2063;Kamar yang bagus tapi rumah tangga mengetuk pintu pukul 9 pagi untuk makeup kamar tidak baik nilai;room;neg;0;0
2441;2064;Lokasi sangat ideal untuk menjelajahi Malioboro lingkungan dan taksi mudah (meter) dan mencicit;location;pos;1;1
2441;2065;Staf adalah sangat ramah dan membantu;service;pos;2;1
2441;2066;Kamar nyaman dan tempat tidur dan bantal yang sangat baik;room;pos;0;1
2441;2067;Sarapan prasmanan adalah jauh lebih baik daripada yang diantisipasi;service;pos;2;1
2442;2068;Akses mudah ke mana-mana;location;pos;1;1
2442;2069;lokasi yang sangat bagus;location;pos;1;1
2442;2070;Layanan ini sangat bagus;service;pos;2;1
2442;2071;Sarapan yang baik dan ini adalah salah satu nilai terbaik hotel di kota;service;pos;2;1
2443;2072;Kami memesan hotel ini karena itu sangat dekat dengan stasiun kereta api;location;pos;1;1
2443;2073;Ruangan itu bersih dan tempat tidur yang sangat bagus;room;pos;0;1
2443;2074;Atap - bar sangat baik dengan live musik;facilities;pos;3;1
2443;2075;Juga hotel ini sangat dekat dengan Jalan Malioboro;location;pos;1;1
2444;2076;Kamar bersih;room;pos;0;1
2444;2077;Ada bar atas atap yang indah di mana kami menikmati minuman dan makanan ringan;facilities;pos;3;1
2445;2078;Lokasi yang besar menit berjalan kaki ke stasiun kereta api;location;pos;1;1
2445;2079;Layanan yang sangat baik;service;pos;2;1
2445;2080;Akses mudah ke jalan utama;location;pos;1;1
2446;2081;Lokasi yang strategis dengan pemandangan indah menghadap ke jalan Malioboro;location;pos;1;1
2446;2082;Layanan pelanggan yang luar biasa & dan meskipun kamar tidak begitu besar tapi kebersihan sangat baik;service;pos;2;1
2446;2083;Seperti pengalaman yang hebat untuk memiliki akses yang mudah ke semua sudut kota;location;pos;1;1
2447;2084;saya check-in staf yang sangat membantu dan mereka menjawab dengan cepat;service;pos;2;1
2447;2085;makanan yang sangat baik dan minuman tidak dingin seperti yang seharusnya;service;pos;2;1
2447;2086;kamar sangat rapi dan luas dan WiFi adalah rata-rata tetapi sejauh ini tempat yang bagus untuk tinggal;room;pos;0;1
2448;2087;Hotel sederhana dengan sangat indah dan staf yang ramah;service;pos;2;1
2448;2088;ini adalah lokasi yang baik dan tidak jauh dari jalan Malioboro yang terkenal;location;pos;1;1
2448;2089;Kamar yang sangat bagus;room;pos;0;1
2448;2090;Sarapan juga bagus;service;pos;2;1
2449;2091;Tidak diragukan lagi ini adalah lokasi yang strategis karena dekat dengan pusat perbelanjaan Jalan Malioboro;location;pos;1;1
2449;2092;Sarapan adalah standar dan a la carte menu juga;service;pos;2;1
2449;2093;Hanya sedikit hal yang membuat saya tidak nyaman adalah kedap suara di kamar;room;neg;0;0
2449;2094;Saya tidak bisa menangkap tidur yang baik meskipun harus pergi untuk melihat matahari terbit esok hari;room;neg;0;0
2450;2095;bersih dan lokasi yang bagus untuk tinggal selama perjalanan bisnis atau liburan keluarga;location;pos;1;1
2450;2096;Hotel baru ini yang memiliki staf yang ramah menyambut anda;service;pos;2;1
2450;2097;juga menyediakan pelayanan yang baik pada makanan dan minuman;service;pos;2;1
2451;2098;Kolam renang di lantai yang sangat bagus menjelang sore hari;facilities;pos;3;1
2451;2099;ditambah sarapan prasmanan yang luar biasa (ada tema yang berbeda setiap malam) yang membuat ini tinggal yang benar-benar perubahan yang menyegarkan;service;pos;2;1
2452;2100;Terletak sangat dekat dengan Jalan Malioboro;location;pos;1;1
2452;2101;Macam sarapan pagi yang bagus;service;pos;2;1
2452;2102;Kamar yang bersih dan rapi;room;pos;0;1
2453;2103;lokasi yang baik tetapi hotel ini jauh dari stasiun kereta api dan sangat banyak membunyikan klakson kereta berisik;location;neg;1;0
2454;2104;Kamar sangat bersih;room;pos;0;1
2454;2105;lokasi luar biasa;location;pos;1;1
2454;2106;dekat dengan stasiun kereta api dan stasiun bis;location;pos;1;1
2455;2107;Sarapannya enak;service;pos;2;1
2455;2108;Satu-satunya hal negatif adalah bahwa Anda mendengar banyak suara dan kebisingan dari luar yang tidak cukup baik untuk kualitas tidur;room;neg;0;0
2456;2109;Tiba dan disambut oleh resepsionis profesional dan sopan;service;pos;2;1
2456;2110;wifi adalah buruk di terbaik;facilities;neg;3;0
2456;2111;dan tempat tidur yang sangat tidak nyaman;room;neg;0;0
2456;2112;sarapan area dan Sky Bar bagus;facilities;pos;3;1
2456;2113;tetapi kamar yang sangat buruk;room;neg;0;0
2457;2114;Lokasi hotel ini sangat strategis;location;pos;1;1
2457;2115;kolam renang juga bagus dan Sky Lounge juga sangat bagus;facilities;pos;3;1
2457;2116;makanan dan minumannya juga OK;service;pos;2;1
2457;2117;Fasilitas kamar juga bagus dan sizw;facilities;pos;3;1
2458;2118;Kamar ini sangat nyaman dan nyaman kecuali untuk suara yang datang dari luar karena kamar saya terletak menghadap ke jalan yang sibuk;room;neg;0;0
2458;2119;Lokasinya luar biasa;location;pos;1;1
2459;2120;Sarapan paginya enak dan bervariasi;service;pos;2;1
2459;2121;TV bekerja melalui internet yang tidak baik dan sangat sulit untuk bekerja;facilities;neg;3;0
2459;2122;Internet rusak pada beberapa kesempatan yang tidak membantu;facilities;neg;3;0
2459;2123;Hotel ini berada di dekat stasiun yang sangat nyaman;location;pos;1;1
2460;2124;Staf adalah sangat ramah dan membantu;service;pos;2;1
2460;2125;Ruangan itu sangat bersih dan rapi;room;pos;0;1
2460;2126;Makanan yang sangat baik;service;pos;2;1
2460;2127;Lift juga sangat baik dengan sistem keamanan;facilities;pos;3;1
2460;2128;Sistem keamanan ini sangat baik dan ini adalah pengalaman yang luar biasa di sini;service;pos;2;1
2461;2129;Memiliki kamar yang nyaman setelah hari yang melelahkan;room;pos;0;1
2461;2130;Layanan yang ramah;service;pos;2;1
2461;2131;dan lokasinya juga dekat dengan Malioboro;location;pos;1;1
2462;2132;Secara keseluruhan hotel ini bagus dan berlokasi strategis;location;pos;1;1
2462;2133;hanya suara bising jika Anda tidur dengan korek api Pelayanan baik dan makanan saat sarapan yang luar biasa;service;neg;2;0
2463;2134;Bersih  2;service;pos;2;1
2463;2135;Layanan sangat baik  3;service;pos;2;1
2463;2136;Staf yang ramah  4;service;pos;2;1
2463;2137;Cepat Wifi  5;facilities;pos;3;1
2463;2138;Harga yang sempurna - bahkan untuk backpackers  7;service;pos;2;1
2463;2139;Lokasi yang sempurna;location;pos;1;1
2463;2140;Sangat dekat dengan area perbelanjaan Malioboro  8;location;pos;1;1
2463;2141;Keamanan yang baik;service;pos;2;1
2463;2142;Interior hotel bagus;facilities;pos;3;1
2464;2143;Properti yang sangat bagus dan modern dengan kamar yang nyaman;facilities;pos;3;1
2464;2144;menu sarapan yang bagus dan staf yang hebat;service;pos;2;1
2464;2145;Lokasi hotel ini sangat dekat dengan jalan malioboro yang merupakan pusat belanja di kota;location;pos;1;1
2465;2146;Kamar cukup baik;room;pos;0;1
2465;2147;sarapan sangat baik;service;pos;2;1
2465;2148;dan layanan yang sangat menyenangkan;service;pos;2;1
2465;2149;Sayang sekali mereka tidak menyediakan handuk di kolam renang;facilities;neg;3;0
2466;2150;kamar yang sangat bersih dan luas;room;pos;0;1
2466;2151;Sarapan banyak untuk memilih dari;service;pos;2;1
2466;2152;Staf sangat ramah dan selalu senang untuk membantu;service;pos;2;1
2466;2153;Tempat menginap yang sempurna;facilities;pos;3;1
2467;2154;pintu kamar dan kamar mandi bersih dan bagus;room;pos;0;1
2467;2155;Makanan untuk semua tiga makanan utama sangat lezat dan banyak variasi;service;pos;2;1
2467;2156;Staf sangat membantu dan selalu siap untuk membantu tamu;service;pos;2;1
2468;2157;dekat dengan pusat perbelanjaan dan area wisata wajib pajak;location;pos;1;1
2468;2158;Kami disajikan dengan lezat sarapan setiap pagi;service;pos;2;1
2468;2159;Staf hotel yang sangat membantu dan ceria;service;pos;2;1
2469;2160;kamar yang sangat bersih;room;pos;0;1
2469;2161;pelayanan yang cepat dan staf yang ramah di penerimaan dan di meja meja makan;service;pos;2;1
2469;2162;lokasi sangat strategis;location;pos;1;1
2469;2163;dekat dengan Stasiun Kereta dan Jalan Malioboro;location;pos;1;1
2469;2164;tidak ada bau asap di kamar yang merupakan nilai lebih bagi kami;room;pos;0;1
2470;2165;Hotel dengan lokasi yang bagus;location;pos;1;1
2470;2166;pelayanan yang baik;service;pos;2;1
2470;2167;baik staf;service;pos;2;1
2470;2168;dekat dengan Jalan Malioboro;location;pos;1;1
2470;2169;dekat dengan Stasiun Kereta Api Tugu;location;pos;1;1
2470;2170;makanan yang lezat;service;pos;2;1
2470;2171;kamar mandi yang bersih;room;pos;0;1
2471;2172;Kami tinggal di sini karena kita membaca ulasan di traveloka dan kami sangat puas dengan layanan;service;pos;2;1
2472;2173;komunikasi yang baik;service;pos;2;1
2472;2174;kebersihan & pelayanan tetap terjaga dalam kondisi yang baik;service;pos;2;1
2473;2175;Lokasi luar biasa;location;pos;1;1
2473;2176;staf yang luar biasa - tambahan;service;pos;2;1
2473;2177;kamar yang bersih;room;pos;0;1
2473;2178;tempat tidur yang nyaman;facilities;pos;3;1
2473;2179;wifi yang bagus dan pelayanan;facilities;pos;3;1
2473;2180;pilihan sarapan yang baik;service;pos;2;1
2474;2181;Lokasi sangat bagus dan kamar yang rapi dan nyaman;location;pos;1;1
2474;2182;Staf semua ramah dan membantu;service;pos;2;1
2474;2183;Satu-satunya masalah adalah insulasi kamar tidak cukup baik;room;neg;0;0
2475;2184;Layanan yang baik;service;pos;2;1
2475;2185;banyak pilihan untuk menu sarapan;service;pos;2;1
2475;2186;makanan yang lezat;service;pos;2;1
2475;2187;kamar yang bersih;room;pos;0;1
2475;2188;kamar mandi bersih;room;pos;0;1
2475;2189;dan dekat dengan stasiun;location;pos;1;1
2476;2190;Meskipun tidak menghadap stasiun kereta api masih dapat berisik karena di bawah ada orang bernyanyi sepanjang malam  Secara keseluruhan sangat baik  Lokasinya yang berada di pusat;room;neg;0;0
2476;2191;di depan ada pusat perbelanjaan Harga terjangkau Kebersihan Kamar adalah rata-rata   Staf adalah responsif  Kami meminta untuk sarapan dikemas dan sangat di 3;location;pos;1;1
2477;2192;Saya suka menu;service;pos;2;1
2477;2193;yang berisi kue tradisional dan modern dan sarapan lezat makanan;service;pos;2;1
2477;2194;apa yang saya tidak suka yang paling adalah bau dari saluran air kamar mandi;room;neg;0;0
2477;2195;juga handuk tua yang harus diganti dengan yang baru di;facilities;neg;3;0
2477;2196;saya juga bau tidak sedap di kolam renang ketika saya berenang;facilities;neg;3;0
2478;2197;Check in lambat hanya 1 meja terbuka;service;neg;2;0
2478;2198;Sarapan adalah lebih baik daripada Hotel lokal lainnya;service;pos;2;1
2478;2199;Kamar bersih dan desain interior bagus;room;pos;0;1
2478;2200;Kolam renang adalah kecil tetapi bersih;facilities;pos;3;1
2479;2201;handuk harus diganti baru;facilities;neg;3;0
2480;2202;Staf yang ramah;service;pos;2;1
2480;2203;lokasi yang sempurna dekat dengan Jalan Malioboro;location;pos;1;1
2480;2204;berbagai macam makanan untuk sarapan;service;pos;2;1
2481;2205;kamar ini bersih dan aku menikmati kamar mandi;room;pos;0;1
2481;2206;sarapan baik;service;pos;2;1
2481;2207;dekat dengan Malioboro;location;pos;1;1
2481;2208;pelayanan yang baik;service;pos;2;1
2481;2209;harga yang baik;service;pos;2;1
2482;2210;Saya percaya hotel ini cukup baru sehingga segala sesuatu adalah rapi dan bersih dan baru;facilities;pos;3;1
2482;2211;Kamar agak kecil tapi dilengkapi dengan baik;room;pos;0;1
2482;2212;Staf sangat bagus dan selalu bersedia untuk membantu;service;pos;2;1
2482;2213;Sarapan baik pilihan tapi mengecewakan sarapan terbuka di 6 Faktor: 30 pagi tapi stasiun sarapan seperti telur dan pancake banyak kemudian terbuka di 7:30 pagi tetapi mereka tepat waktu di tutup;service;neg;2;0
2482;2214;Kafe/bar di atap adalah sedikit mengecewakan;facilities;neg;3;0
2482;2215;Suasana yang bagus tapi kurangnya makanan dan minuman pilihan;service;neg;2;0
2483;2216;Meskipun stasiun kereta api terdekat adalah cukup berisik Tapi Kami menetap untuk kenyamanan daerah;location;pos;1;1
2484;2217;Saya baru-baru ini tinggal di hotel ini dari 25 th - 29 th bulan September   Saya tiba lebih awal malam dan disambut oleh gadis di resepsi yang sangat bagus dan menawarkan saya dingin minuman selamat datang sebelum saya check in;service;pos;2;1
2484;2218;saya kemudian ditunjukkan ke kamar oleh porter yang lagi sangat sopan   kamar yang saya pilih adalah benar-benar lebih baik daripada foto situs web hotel;service;pos;2;1
2484;2219;saya tinggal di lantai 8   kualitas tidur sangat baik;room;pos;0;1
2484;2220;tidak dapat mendengar suara di sekitar stasiun kereta api atau pesawat akan overhead dan tidur sangat baik   kamar mandi luas dan baik mandi kuat;room;pos;0;1
2485;2221;Staf yang hebat - terutama resepsionis dan layanan kamar -;service;pos;2;1
2485;2222;kamar yang nyaman dan kamar mandi yang bersih dengan shower air panas dan dingin;room;pos;0;1
2485;2223;lezat dan bervariasi untuk sarapan - itu adalah menu favorit keluarga saya -;service;pos;2;1
2486;2224;Layanan sangat baik;service;pos;2;1
2486;2225;kamar yang bersih;room;pos;0;1
2486;2226;dan sarapan berbagai menu yang tersedia;service;pos;2;1
2486;2227;dan proses check in sangat cepat;service;pos;2;1
2486;2228;Staf sangat membantu;service;pos;2;1
2486;2229;dan ramah;service;pos;2;1
2487;2230;tetapi perlu untuk memperbaiki koneksi wifi;facilities;neg;3;0
2487;2231;sarapan adalah lezat dan lengkap menu dan pelayan adalah sangat ramah dan cepat merespon permintaan dari pelanggan;service;pos;2;1
2488;2232;bersih;service;pos;2;1
2488;2233;staf yang ramah dan hanya sedikit berjalan kaki ke malioboro;service;pos;2;1
2488;2234;Sarapan sangat baik dan makan malam;service;pos;2;1
2488;2235;Sarapan dengan berbagai pilihan;service;pos;2;1
2488;2236;Berharap kami bisa tinggal lebih lama untuk menikmati makanan yang fantastis di hotel ini;service;pos;2;1
2488;2237;Kami memiliki prasmanan bbq dan itu lezat;service;pos;2;1
2488;2238;kari ayam yang sangat lezat;service;pos;2;1
2488;2239;Salah satu kari terbaik yang pernah saya alami;service;pos;2;1
2489;2240;lokasinya sangat dekat dengan malioboro;location;pos;1;1
2489;2241;Semua fasilitas sangat baik;facilities;pos;3;1
2489;2242;sarapan sangat lezat terutama;service;pos;2;1
2491;2243;Kolam renang adalah bersih;facilities;pos;3;1
2491;2244;Makanan yang rata-rata enak;service;pos;2;1
2491;2245;Saya sangat suka perasaan nyaman di sky lounge;facilities;pos;3;1
2492;2246;Lokasi yang sempurna dan cinta saat ini fasilitas yang tersedia untuk tamu;facilities;pos;3;1
2493;2247;Lokasi yang bagus;location;pos;1;1
2494;2248;Lokasi hotel ini sangat dekat dengan jalan malioboro sehingga mudah untuk pergi ke sana tapi d lokasi hotel juga dekat dengan stasiun kereta api sehingga kami bisa mendengar suara kereta api d semua malam;location;pos;1;1
2494;2249;sarapan adalah cukup baik;service;pos;2;1
2494;2250;kau mempunyai banyak menu tetapi mereka tidak memiliki banyak tabel sehingga kita harus menunggu untuk duduk;service;neg;2;0
2495;2251;kamar yang cukup kecil dengan tidak ada ruang ekstra;room;neg;0;0
2495;2252;mereka sangat memadai dan tempat tidur yang nyaman;room;pos;0;1
2495;2253;Sarapan juga cukup;service;pos;2;1
2495;2254;meskipun makanan kadang-kadang dingin;service;neg;2;0
2495;2255;Hal terbaik hotel ini telah terjadi untuk itu adalah lokasi;location;pos;1;1
2496;2256;Kamar sangat bagus;room;pos;0;1
2496;2257;kami memiliki tv dengan banyak saluran;facilities;pos;3;1
2496;2258;dan tempat tidur yang luar biasa;facilities;pos;3;1
2496;2259;Sarapan sangat luas;service;pos;2;1
2497;2260;Lokasi yang besar;location;pos;1;1
2497;2261;Hotel yang bagus: staf sangat ramah dan membantu;service;pos;2;1
2497;2262;kamar yang bersih dan nyaman dan kolam renang di atap sangat baik;room;pos;0;1
2497;2263;Hotel ini juga dekat dengan stasiun kereta api sehingga dapat menjadi sedikit bising ketika kereta tiba tetapi secara keseluruhan sangat bagus;location;pos;1;1
2498;2264;layanan dan bantuan yang mereka berikan adalah melebihi harapan;service;pos;2;1
2498;2265;Pelayanan yang sangat bagus dan saya menikmati waktu saya menginap di hotel ini;service;pos;2;1
2499;2266;staf yang ramah dan kamar yang bersih;service;pos;2;1
2499;2267;dekat dengan malioboro;location;pos;1;1
2500;2268;Kamar yang bersih dan nyaman untuk keluarga saya;room;pos;0;1
2500;2269;terutama kolam renang sangat bagus;facilities;pos;3;1
2500;2270;Dengan harga yang terjangkau tapi mendapatkan sarapan yang luar biasa;service;pos;2;1
2500;2271;Pemandangan yang bagus dari sky lounge keluarga saya dapat menghabiskan malam dengan pemandangan kota dan pegunungan;facilities;pos;3;1
2500;2272;dan staf sangat membantu;service;pos;2;1
2501;2273;Tapi hotel ini sangat dekat dengan stasiun kereta api;location;pos;1;1
2502;2274;Layanan kamar disediakan setiap hari yang baik;service;pos;2;1
2503;2275;Saudara saya memesan hotel ini karena itu adalah sebuah bangunan baru dan lokasinya dekat dari jalan marlboro;location;pos;1;1
2503;2276;dari staf yang ramah sehingga kami tahu;service;pos;2;1
2503;2277;mengantar saya ke kamar dan memberikan layanan hangat yang pernah saya alami;service;pos;2;1
2503;2278;tv kabel dan wifi yang cepat juga;facilities;pos;3;1
2504;2279;Saya dan keluarga saya yang tinggal di sana untuk 2 malam dan kami disambut oleh staf yang baik;service;pos;2;1
2504;2280;Kami mendapat kamar di lantai 5 dengan pemandangan terbaik di kota jogja;room;pos;0;1
2504;2281;Tempat tidur wow;facilities;pos;3;1
2504;2282;bintang 5 yang nyaman di kamar yang sangat bersih;room;pos;0;1
2504;2283;Sarapan adalah hal lain yang saya sukai dengan banyak waktu masuk karena menyajikan menu seperti inggris atau sarapan indonesia;service;pos;2;1
2505;2284;sarapan yang baik;service;pos;2;1
2505;2285;dan resepsionis yang sangat lucu dengan menggunakan rambut putih di meja;service;pos;2;1
2505;2286;karena hotel dekat dengan stasiun kereta api;location;pos;1;1
2506;2287;staf yang ramah;service;pos;2;1
2506;2288;makanan yang sangat baik;service;pos;2;1
2506;2289;Koneksi wifi sangat bagus;facilities;pos;3;1
2506;2290;Hanya kemunduran adalah koneksi sinyal tv;facilities;neg;3;0
2507;2291;Ruangan itu bersih dan pelayan/pelayan sangat ramah;service;pos;2;1
2507;2292;Lokasi dekat dengan pusat kota dan jalan malioboro;location;pos;1;1
2508;2293;Staf yang sangat ramah dan membantu;service;pos;2;1
2508;2294;Kamar dan tempat tidur yang sangat bersih dan nyaman;room;pos;0;1
2508;2295;Menu layanan kamar yang sangat bagus;room;pos;0;1
2509;2296;tempat tidur yang nyaman;room;pos;0;1
2509;2297;sarapan adalah cukup baik dengan banyak pilihan;service;pos;2;1
2509;2298;Lokasi sangat bagus;location;pos;1;1
2510;2299;Air dari kamar mandi adalah sangat kecil;room;neg;0;0
2510;2300;Wifi sangat buruk;facilities;neg;3;0
2510;2301;Anda juga dapat mendengar suara dari kamar lain;room;neg;0;0
2510;2302;handuk memiliki noda darah yang kotor dan robek;facilities;neg;3;0
2511;2303;dan lokasi yang strategis di jalan malioboro;location;pos;1;1
2511;2304;Hotel ini bersih dan baru;service;pos;2;1
2511;2305;Sistem keamanan yang baik karena kami tidak diperbolehkan untuk mengakses lantai lain tanpa kartu kamar dari lantai;service;pos;2;1
2511;2306;ada teko di kamar kotor;facilities;neg;3;0
2512;2307;Dekat dengan malioboro;location;pos;1;1
2512;2308;staff yang sangat membantu dan ramah;service;pos;2;1
2512;2309;Kamar yang sangat bersih;room;pos;0;1
2512;2310;Makanan adalah standar yang baik;service;pos;2;1
2512;2311;Tidak terlalu ribut meskipun terletak di samping stasiun kereta;facilities;pos;3;1
2513;2312;tapi aku melihat kecoa di dalam kamar dan ada jamur di kamar mandi noda hitam;room;neg;0;0
2513;2313;Tempat tidur yang sangat nyaman tapi sedikit bau di penutup tempat tidur;facilities;neg;3;0
2513;2314;Tempat tidur tunggal terlalu kecil;facilities;neg;3;0
2513;2315;Sarapan adalah begitu begitu;service;neg;2;0
2513;2316;tetapi staf yang ramah dan melayani dengan cepat;service;pos;2;1
2514;2317;ini adalah hotel yang bagus dengan fasilitas yang baik;facilities;pos;3;1
2514;2318;dan lezat breakfeast;service;pos;2;1
2514;2319;Namun ada banyak kebisingan dari stasiun kereta api;facilities;neg;3;0
2515;2320;Lokasi hotel adalah sangat dekat dengan stasiun;location;pos;1;1
2516;2321;Harga terjangkau;service;pos;2;1
2516;2322;lokasi terbaik;location;pos;1;1
2516;2323;Fasilitas yang tidak baik;facilities;neg;3;0
2516;2324;Pintu kamar tidur rusak (tidak dapat mengunci pintu) Ada kolam renang;room;neg;0;0
2517;2325;Ruangan itu kecil tapi mudah untuk mendapatkan sekitar dengan tempat tidur yang nyaman;room;pos;0;1
2517;2326;Kamar mandi memiliki banyak tekanan air;room;pos;0;1
2517;2327;Sarapan prasmanan sangat baik dengan makanan di sky lounge;service;pos;2;1
2517;2328;Dekat dengan halte bus trans jogja;location;pos;1;1
2518;2329;Koneksi wifi cukup bagus;facilities;pos;3;1
2518;2330;Fasilitas yang baik dan kamar yang luas;facilities;pos;3;1
2518;2331;Staf adalah cukup baik untuk mempersiapkan sarapan kami untuk-pergi seperti kami harus meninggalkan awal untuk borobudur (sekitar 5AM);service;pos;2;1
2518;2332;Makanan yang disajikan di sarapan prasmanan adalah rata-rata;service;pos;2;1
2519;2333;Staf hotel sangat ramah dan siap untuk membantu anda priydti sekitar;service;pos;2;1
2519;2334;Lokasi hotel ini sangat baik dipilih;location;pos;1;1
2520;2335;Semuanya ok tapi yang paling saya suka adalah koneksi wifi yang bagus dan kamar yang besar dan bagus;room;pos;0;1
2520;2336;Lokasi sangat dekat dengan malioboro dan stasiun kereta api;location;pos;1;1
2521;2337;Lokasinya dekat dengan jalan malioboro;location;pos;1;1
2521;2338;Layanan kamar dan hotel adalah sangat bersih;service;pos;2;1
2521;2339;proses check in memakan waktu yang lama;service;neg;2;0
2521;2340;Sarapan adalah begitu-begitu;service;neg;2;0
2522;2341;Hotel ini juga dekat dengan stasiun kereta api utama yogyakarta jadi jika anda berniat untuk bepergian ke negara indonesia lainnya;location;pos;1;1
2522;2342;Hotel ini cukup baru dan modern;facilities;pos;3;1
2522;2343;Kamar cukup kecil;room;neg;0;0
2522;2344;Seprai yang nyaman;facilities;pos;3;1
2522;2345;hampir semua saluran tv yang tidak gratis dan wifi sangat lambat terutama di malam hari;facilities;neg;3;0
2523;2346;Ini adalah hotel yang bagus dan kami pikir lokasi yang sangat baik;location;pos;1;1
2523;2347;Staf yang sangat ramah dan baik;service;pos;2;1
2523;2348;tetapi semua orang sangat ramah dan melakukan yang terbaik untuk membantu;service;pos;2;1
2523;2349;Ruangan itu bagus;room;pos;0;1
2523;2350;tempat tidur nyaman dan kamar mandi yang sangat bagus;room;pos;0;1
2523;2351;Hotel ini sangat baru dan modern dengan kolam renang yang bagus;facilities;pos;3;1
2523;2352;dan segala sesuatu tampak bersih;service;pos;2;1
2523;2353;Sarapan adalah cukup rata-rata;service;pos;2;1
2523;2354;Makan malam prasmanan cukup lezat juga;service;pos;2;1
2524;2355;Lokasi bagus;location;pos;1;1
2524;2356;dekat dari stasiun kereta api tugu;location;pos;1;1
2524;2357;dan transportasi yang mudah untuk mencapai (dekat dengan halte bus trans jogja);location;pos;1;1
2524;2358;Wifi sangat buruk terutama di lantai 5th;facilities;neg;3;0
2524;2359;Ruang makan adalah kecil tapi memiliki pemandangan yang bagus dan suasana;facilities;pos;3;1
2525;2360;Hotel yang bagus dengan pelayanan dan lokasi yang bagus;service;pos;2;1
2525;2361;Terbaik layanan dan kebersihan;service;pos;2;1
2526;2362;sarapan yang banyak;service;pos;2;1
2526;2363;Sarapan benar-benar luar biasa;service;pos;2;1
2527;2364;Tetapi pelayanan dan kebersihannya sangat sempurna;service;pos;2;1
2527;2365;Staf yang ramah dan menyenangkan untuk staf khusus wanita;service;pos;2;1
2527;2366;Sarapan adalah sempurna juga;service;pos;2;1
2528;2367;staf hotel sangat ramah dan membantu kami untuk pindah kamar ke lantai 5th lebih nyaman dan tenang;service;pos;2;1
2528;2368;Sarapan prasmanan adalah sangat baik banyak pilihan dan mereka mengubah menu setiap beberapa hari;service;pos;2;1
2528;2369;mie goreng yang tidak sangat baik (terlalu asin);service;neg;2;0
2528;2370;Layanan binatu melakukan pekerjaan yang baik;service;pos;2;1
2528;2371;Lokasi hotel dekat dengan pusat perbelanjaan dan restoran;location;pos;1;1
2529;2372;staf yang ramah dan sangat membantu (terutama resepsionis) sarapan hari pertama sangat ramai sehingga tidak ada kursi kiri;service;pos;2;1
2529;2373;tapi makanan yang lezat dan bervariasi;service;pos;2;1
2529;2374;Kolam renang adalah bagus dan bersih;facilities;pos;3;1
2530;2375;pilihan yang tepat menginap di hotel neo malioboro Lokasi adalah lebih dekat ke pasar untuk mencari makan & mudah;location;pos;1;1
2530;2376;kebersihan sangat baik;service;pos;2;1
2530;2377;layanan yang sangat baik;service;pos;2;1
2531;2378;ini adalah hotel yang bagus di jantung kota jogjakarta;location;pos;1;1
2531;2379;dan juga dekat ke jalan malioboro yang terkenal;location;pos;1;1
2533;2380;Terlalu berisik dan tidak kondusif untuk malam yang tenang;room;neg;0;0
2533;2381;dinding yang sangat tipis;room;neg;0;0
2533;2382;Saya dapat mendengar kamar sebelah yang cukup jelas;room;neg;0;0
2534;2383;pelayanan yang baik;service;pos;2;1
2534;2384;makanan yang baik;service;pos;2;1
2534;2385;dan staf sangat membantu dan ramah;service;pos;2;1
2534;2386;Lokasinya sangat bagus;location;pos;1;1
2534;2387;dekat dengan malioboro;location;pos;1;1
2535;2388;Ini adalah hotel yang sangat baru dan bersih;service;pos;2;1
2535;2389;Kolam renang terlalu kecil;facilities;neg;3;0
2535;2390;tapi bersih dan dengan pemandangan yang bagus;facilities;pos;3;1
2535;2391;Kami memiliki sarapan yang baik;service;pos;2;1
2535;2392;"itu juga nyaman di extrabed; hotel ini terletak di depan stasiun kereta api dan dekat dengan pusat kota";location;pos;1;1
2536;2393;Kamar kami sangat bising;room;neg;0;0
2537;2394;Kamar yang luas dan tenang meskipun itu tepat di seberang stasiun kereta;room;pos;0;1
2537;2395;kolam renang adalah terlalu kecil untuk anak-anak di atas 5 tahun;facilities;neg;3;0
2538;2396;dekat dengan stasiun kereta api dan pusat perbelanjaan;location;pos;1;1
2538;2397;Staf yang baik;service;pos;2;1
2538;2398;kamar yang bersih dan kamar mandi;room;pos;0;1
2538;2399;tempat tidur yang sangat nyaman yang membuat saya ingin tidur lebih banyak;facilities;pos;3;1
2539;2400;Lokasi yang baik;location;pos;1;1
2539;2401;Kamar kami adalah kecil tetapi bersih;room;pos;0;1
2539;2402;Hotel ini memiliki beragam baik untuk sarapan;service;pos;2;1
2540;2403;hotel lcation bagus;location;pos;1;1
2540;2404;Dekat dengan jalan utama dan dekat dengan transportasi;location;pos;1;1
2540;2405;dan staf hotel juga sangat baik;service;pos;2;1
2541;2406;Kamar yang sangat bersih dan rapi Staf yang sangat ramah  sangat dekat dengan malioboro (hanya 3 menit berjalan kaki) 24 jam mini market di depan hotel aku bahkan tidak bisa mengatakan 1 hal buruk untuk hotel ini  10/10;room;pos;0;1
2542;2407;Kamar yang sangat bagus;room;pos;0;1
2542;2408;Kolam renang adalah kecil tetapi nyaman;facilities;pos;3;1
2542;2409;Proses check in sangat lambat;service;neg;2;0
2542;2410;Staf adalah sangat ramah dan berpengetahuan;service;pos;2;1
2542;2411;sangat dekat dengan stasiun tugu dan malioboro mall;location;pos;1;1
2542;2412;Sarapan dapat ditingkatkan;service;neg;2;0
2543;2413;Lokasi yang baik;location;pos;1;1
2543;2414;tetapi kamar sedikit bising karena hotel ini dekat dengan stasiun kereta api;room;neg;0;0
2543;2415;Sarapan yang baik;service;pos;2;1
2543;2416;Tapi meja depan adalah sangat lambat dan jus segar;service;neg;2;0
2543;2417;tidak mengganti fasilitas di kamar mandi;facilities;neg;3;0
2543;2418;Spa tidak terlalu direkomendasikan;facilities;neg;3;0
2543;2419;pijat tidak baik;facilities;neg;3;0
2544;2420;Hotel bagus dan cukup bersih;service;pos;2;1
2544;2421;Staf sangat ramah dan membantu;service;pos;2;1
2544;2422;Hotel ini dekat dengan jalan malioboro;location;pos;1;1
2544;2423;Pemandangan dari sky lounge bagus;facilities;pos;3;1
2545;2424;Hotel modern yang sangat baik terletak;facilities;pos;3;1
2545;2425;Staf adalah sangat bagus;service;pos;2;1
2545;2426;Kolam renang adalah kecil tetapi cukup;facilities;pos;3;1
2545;2427;Penthouse menawarkan pemandangan kota dan sangat lengkap dan murah untuk makan malam prasmanan;room;pos;0;1
2545;2428;sebuah hotel yang bagus dan lokasi yang baik;location;pos;1;1
2546;2429;Saya pikir semua layanan yang sangat baik;service;pos;2;1
2546;2430;Saya pikir hotel ini terletak di tempat yang sangat bagus;location;pos;1;1
2547;2431;Kebersihan luar biasa dan staf yang ramah tetapi lebih sikap pelatihan harus diberikan kepada staf di situs web memberikan memasak sarapan;service;pos;2;1
2548;2432;Lokasi ini dekat dengan stasiun kereta api;location;pos;1;1
2548;2433;Sarapan sangat baik dan anda akan memiliki banyak pilihan;service;pos;2;1
2548;2434;Juga wifi gratis di kamar dan kolam renang adalah tempat yang bagus untuk menyegarkan diri;facilities;pos;3;1
2550;2435;dan kamar yang bagus;room;pos;0;1
2550;2436;Kurang di sistem parkir terutama untuk orang yang membawa kendaraan pribadi;facilities;neg;3;0
2550;2437;Dekat dengan Malioboro dan pusat kota;location;pos;1;1
2550;2438;Harga yang layak untuk seluruh paket;service;pos;2;1
2551;2439;lokasi yang sangat baik;location;pos;1;1
2551;2440;Pelayanan cepat tapi sentuhan pribadi;service;pos;2;1
2551;2441;tempat parkir yang sangat terbatas;facilities;neg;3;0
2551;2442;Kebersihan kamar dan kedua kamar dapat ditingkatkan;room;neg;0;0
2552;2443;hotel ini terletak dekat stasiun kereta api sehingga hampir tidak mungkin memiliki beberapa istirahat saat tidur;location;neg;1;0
2552;2444;sangat baik staf dan sarapan yang baik meskipun fakta bahwa ada tidak ada jeruk juicie atau daging;service;neg;2;0
2553;2445;staf yang sangat baik;service;pos;2;1
2553;2446;sarapan yang luar biasa;service;pos;2;1
2553;2447;lokasi yang sangat baik dan harga yang sangat terjangkau;location;pos;1;1
2553;2448;Juga terletak di sebelah stasiun kereta dan jalan malioboro;location;pos;1;1
2554;2449;Makanan yang sangat baik dan staf sangat membantu;service;pos;2;1
2554;2450;Pluss hotel dan kamar yang sangat indah dan sejuk;room;pos;0;1
2555;2451;Lokasi sangat baik dekat dengan jalan malioboro;location;pos;1;1
2555;2452;Staf sangat ramah;service;pos;2;1
2556;2453;bersih dan modern;facilities;pos;3;1
2556;2454;Wifi ini juga sangat bagus dan tempat tidur adalah besar dan semua hal-hal di ruang adalah modern dan bersih dan rapi;facilities;pos;3;1
2557;2455;hotel ini sangat strategis dari stasiun kereta api;location;pos;1;1
2557;2456;Hotel itu sendiri adalah bersih;service;pos;2;1
2557;2457;dan pelayanan yang baik;service;pos;2;1
2558;2458;Neo malioboro adalah tempat yang menyenangkan untuk menginap karena staf yang ramah;service;pos;2;1
2558;2459;Kamarnya tidak terlalu besar;room;neg;0;0
2558;2460;Hotel ini bersih;service;pos;2;1
2558;2461;ada tv baru dan sistem yang sangat profesional;facilities;pos;3;1
2558;2462;Akses yang baik ke stasiun kereta api dan sangat dekat dengan jalan malioboro yang terkenal;location;pos;1;1
2558;2463;Kolam renang kecil yang membuat anda tetap nyaman anough;facilities;pos;3;1
2559;2464;Hotel ini sangat baik terletak dengan pasar;location;pos;1;1
2559;2465;Staf yang ramah;service;pos;2;1
2559;2466;Sarapan prasmanan adalah luas dengan semua makanan;service;pos;2;1
2559;2467;Sky lounge bar adalah tempat yang bagus untuk duduk;facilities;pos;3;1
2560;2468;Lokasi yang sangat baik dan bermanfaat;location;pos;1;1
2560;2469;Staf adalah sangat ramah dan membantu;service;pos;2;1
2560;2470;Ruangan itu bersih tapi terlalu kecil neo + awana daripada;room;neg;0;0
2560;2471;Koneksi wifi sangat cepat dan bagus;facilities;pos;3;1
2560;2472;Namun karena lokasinya dekat dengan stasiun kereta;location;pos;1;1
2561;2473;Staf yang ramah dan efisien;service;pos;2;1
2561;2474;sangat bersih dan nyaman;service;pos;2;1
2561;2475;Kolam renang yang bersih dan sky lounge yang bagus;facilities;pos;3;1
2562;2476;aman dan bersih dan staf terlatih dengan baik kecuali untuk wifi di kamar dan bising suara kursi di restoran dan di dalam kamar karena tidak ada kaki dengan karet;facilities;neg;3;0
2563;2477;Terawat dengan baik hotel butik yang berlokasi strategis di jogjakarta: sangat dekat dengan area perbelanjaan jalan malioboro yang adalah 5 menit berjalan kaki dari hotel;location;pos;1;1
2563;2478;proses check in yang cukup lurus ke depan dan staf berbahasa inggris dengan cukup baik;service;pos;2;1
2563;2479;Sarapan yang layak dengan kamar yang sangat bersih dan didekorasi dengan penuh cita rasa;service;pos;2;1
2563;2480;Pendingin udara bekerja dengan baik;facilities;pos;3;1
2563;2481;Koneksi wifi yang baik;facilities;pos;3;1
2564;2482;Strategis;location;pos;1;1
2564;2483;bersih hotel;service;pos;2;1
2564;2484;hanya kurang dari 5 menit untuk sampai ke jalan malioboro dan stasiun kereta api;location;pos;1;1
2564;2485;Anda akan dilayani oleh staf yang hangat;service;pos;2;1
2565;2486;Hotel ini baru dan bersih;service;pos;2;1
2565;2487;Pelayanan yang baik;service;pos;2;1
2565;2488;harga yang layak;service;pos;2;1
2565;2489;yang paling penting adalah lokasinya dekat dengan malioboro dan stasiun kereta api yogyakarta;location;pos;1;1
2566;2490;Kamarnya sangat bersih dan nyaman seperti wifi password;room;pos;0;1
2566;2491;Area kolam memiliki pemandangan indah gunung;facilities;pos;3;1
2566;2492;Hal terbaik adalah staf sangat membantu dan ramah;service;pos;2;1
2567;2493;Lokasi hotel sangat strategis di area malioboro;location;pos;1;1
2567;2494;Kamar tidur dan kamar mandi bersih meskipun tanpa pemandangan;room;pos;0;1
2567;2495;Dengan berbagai pilihan untuk sarapan;service;pos;2;1
2567;2496;Layanan yang sangat baik;service;pos;2;1
2567;2497;Kami menyukai area di atap;facilities;pos;3;1
2568;2498;Lokasi yang sangat dekat dengan malioboro memusatkan jalan-jalan;location;pos;1;1
2568;2499;kamar yang sangat bersih & nyaman;room;pos;0;1
2569;2500;Lokasi strategis dekat ke malioboro dan toko/stasiun dan atm juga;location;pos;1;1
2569;2501;Staf yang ramah;service;pos;2;1
2570;2502;Lokasi strategis dekat ke malioboro dan toko/atm;location;pos;1;1
2570;2503;Staf yang ramah;service;pos;2;1
2571;2504;Dekat dengan stasiun kereta dan jalan malioboro;location;pos;1;1
2571;2505;Sarapan bagus dan sky lounge;service;pos;2;1
2571;2506;Kolam renang sangat bagus dan sarapan memiliki banyak pilihan;facilities;pos;3;1
2571;2507;Staf sangat ramah dan membantu kami untuk pergi ke tempat terdekat;service;pos;2;1
2572;2508;karena neo malioboro tidak terlalu jauh dari jalan malioboro;location;pos;1;1
2572;2509;kamar sangat nyaman;room;pos;0;1
2572;2510;kamar mandi di kamar saya adalah sedikit mengganggu;room;neg;0;0
2572;2511;dan karena hotel ini dekat dengan stasiun kereta api;location;pos;1;1
2573;2512;Tempat tidur nyaman;room;pos;0;1
2573;2513;tetapi lampu di kamar tidak terang;facilities;neg;3;0
2573;2514;Sarapan adalah luar biasa;service;pos;2;1
2573;2515;Kami bisa mencoba banyak dilicious makanan Indonesia;service;pos;2;1
2574;2516;Tempat tidur yang sangat nyaman;room;pos;0;1
2574;2517;sarapan sangat baik;service;pos;2;1
2574;2518;Lokasi juga strategis;location;pos;1;1
2574;2519;Hotel ini menyediakan kolam renang tapi sangat kecil dan 24H minimarket;facilities;pos;3;1
2574;2520;Satu-satunya kekurangan dari hotel ini adalah karena sangat dekat dengan stasiun kereta api;location;neg;1;0
2575;2521;Lokasi strategis;location;pos;1;1
2575;2522;dekat dengan malioboro dan stasiun yogyakarta;location;pos;1;1
2575;2523;sarapan sangat baik;service;pos;2;1
2575;2524;layanan kamar juga baik;service;pos;2;1
2576;2525;Dinding yang tipis dan menggores kursi sepanjang malam;room;neg;0;0
2577;2526;Hotel ini bagus dan bersih;service;pos;2;1
2577;2527;Kamar yang cukup besar;room;pos;0;1
2577;2528;banyak pilihan makanan;service;pos;2;1
2577;2529;Dekat dengan jalan malioboro;location;pos;1;1
2577;2530;Dekat dengan stasiun kereta api juga;location;pos;1;1
2578;2531;Koneksi wifi juga inconsistance;facilities;neg;3;0
2579;2532;Hotel ini cukup dekat dengan stasiun kereta dan jalan malioboro;location;pos;1;1
2579;2533;Kita bisa pergi ke manapun di yogyakarta karena terletak di pusat kota (pusat kota);location;pos;1;1
2579;2534;hotel ini memiliki menu sarapan yang beragam dan lezat;service;pos;2;1
2580;2535;kamar bebas rokok;room;pos;0;1
2580;2536;Lokasi sangat bagus;location;pos;1;1
2580;2537;anda dapat pergi ke jalan malioboro hanya dengan berjalan kaki dan perlu menyeberang jalan untuk pergi ke stasiun tugu (stasiun kereta api);location;pos;1;1
2580;2538;Meja depan petugas dan staf yang baik dan ramah;service;pos;2;1
2580;2539;Ruangan itu bagus dan bersih;room;pos;0;1
2580;2540;Ac bekerja dengan baik;facilities;pos;3;1
2580;2541;Sarapan sangat baik;service;pos;2;1
2581;2542;akses yang mudah;location;pos;1;1
2581;2543;makanan yang baik;service;pos;2;1
2581;2544;kamar yang bagus;room;pos;0;1
2581;2545;pelayanan yang baik;service;pos;2;1
2581;2546;karyawan sangat ramah;service;pos;2;1
2581;2547;lokasi yang baik untuk mengakses ke malioboro;location;pos;1;1
2581;2548;dekat bakpia 25;location;pos;1;1
2581;2549;dekat ke museum benteng veseburg yogyakarta tanpa ramai;location;pos;1;1
2582;2550;sarapan dan kebersihan sangat bagus;service;pos;2;1
2582;2551;Hanya di wifi yang perlu diperbaiki;facilities;neg;3;0
2583;2552;Hotel ini sangat bagus dan staf sangat ramah;service;pos;2;1
2583;2553;Saya sangat terkesan dengan makanan yang disajikan karena neo hotel tradisional makanan dan makanan barat;service;pos;2;1
2583;2554;Meskipun kamar agak kecil;room;neg;0;0
2584;2555;staf yang ramah dan sangat membantu;service;pos;2;1
2584;2556;Lokasi adalah sempurna;location;pos;1;1
2585;2557;lokasi hotel dekat dengan stasiun kereta api;location;pos;1;1
2585;2558;Slot parkir sangat sedikit;facilities;neg;3;0
2586;2559;Mudah untuk mengakses;location;pos;1;1
2586;2560;keramahan yang sangat baik;service;pos;2;1
2586;2561;makanan yang baik;service;pos;2;1
2586;2562;kamar yang bagus;room;pos;0;1
2586;2563;lokasi yang bagus untuk orang-orang yang suka untuk akses ke malioboro tanpa ramai;location;pos;1;1
2586;2564;Dekat dengan bakpia 25;location;pos;1;1
2587;2565;staf sangat membantu dan sarapan prasmanan yang fantastis;service;pos;2;1
2588;2566;Tempat yang bersih dan nyaman;service;pos;2;1
2589;2567;Kamar cukup luas dan sangat bersih dengan dekorasi modern;room;pos;0;1
2589;2568;Tempat tidur sangat nyaman dan wifi adalah cepat dan tersedia di dalam kamar hotel;facilities;pos;3;1
2589;2569;Staf hotel yang sangat ramah dan membantu;service;pos;2;1
2590;2570;Hotel ini bersih dan nyaman dengan apa yang tampaknya menjadi tidak ramai dan tidak-jadi-bersih kota;service;pos;2;1
2590;2571;Staf sangat membantu dan mereka mampu menjadi;service;pos;2;1
2590;2572;Sarapan (yang disertakan) memiliki banyak pilihan yang ditawarkan sesuai dengan semua orang selera dan preferensi;service;pos;2;1
2591;2573;Lokasi yang baik;location;pos;1;1
2591;2574;baik pilihan sarapan;service;pos;2;1
2591;2575;Sedikit ruang untuk parkir mobil;facilities;neg;3;0
2592;2576;Hotel modern dan sangat sejuk;facilities;pos;3;1
2592;2577;Staf sangat bagus dan kamar yang nyaman dan bersih;service;pos;2;1
2593;2578;Staf layanan sangat cepat dan responsif dan selalu siap untuk melayani;service;pos;2;1
2593;2579;Kamar - bersih dan baru;room;pos;0;1
2593;2580;Sarapan yang sangat baik;service;pos;2;1
2593;2581;Perpaduan antara makanan lokal dan internasional  Lokasi bijaksana - sangat nyaman - 5 menit berjalan kaki ke jalan malioboro;location;pos;1;1
2594;2582;Lokasi yang sangat baik;location;pos;1;1
2594;2583;Dekat dengan jl malioboro dan berjalan kaki singkat ke istana sultan dan atraksi lainnya di dekatnya;location;pos;1;1
2594;2584;Saya suka dengan kolam renang dan staf meja depan yang sopan;facilities;pos;3;1
2594;2585;Kedap suara di dalam kamar 723 tidak baik;room;neg;0;0
2594;2586;Tidak bisa tidur nyenyak selama menginap;room;neg;0;0
2594;2587;Kamar yang bersih;room;pos;0;1
2594;2588;Tempat tidur yang nyaman;facilities;pos;3;1
2594;2589;Wifi tidak bekerja secara konsisten baik;facilities;neg;3;0
2595;2590;Kamar Yang Bersih;room;pos;0;1
2595;2591;Desain kamar modern dan segar;room;pos;0;1
2595;2592;Lokasi yang bagus;location;pos;1;1
2595;2593;dekat dengan jalan malioboro;location;pos;1;1
2595;2594;Menu makanan dan minuman yang enak untuk sarapan;service;pos;2;1
2595;2595;Bandwidth koneksi internet yang buruk;facilities;neg;3;0
2596;2596;lokasi yang sangat baik;location;pos;1;1
2596;2597;Staf yang ramah dan bersedia untuk membantu;service;pos;2;1
2596;2598;Kamar ukuran yang baik dan tempat tidur dan juga bersih dan nyaman;room;pos;0;1
2597;2599;Hotel ini cukup luas untuk hotel minimalis;facilities;pos;3;1
2597;2600;Lokasi yang baik;location;pos;1;1
2597;2601;sangat dekat dengan jalan malioboro;location;pos;1;1
2597;2602;staf meja depan yang bagus;service;pos;2;1
2598;2603;Bersih dan lokasi yang baik;location;pos;1;1
2598;2604;harga ok;service;pos;2;1
2598;2605;staf meja depan yang sangat membantu;service;pos;2;1
2598;2606;kamar yang nyaman dan bersih dengan baik layanan kamar;room;pos;0;1
2598;2607;breakfeast rata-rata;service;pos;2;1
2598;2608;staf yang ramah;service;pos;2;1
2599;2609;dan makanan yang luar biasa;service;pos;2;1
2599;2610;Hotel neo malioboro juga terletak dekat tempat wisata para turis;location;pos;1;1
2600;2611;Hotel ini memiliki lokasi yang strategis lokasi yang bagus (sangat dekat ke stasiun kereta api dan malioboro toko);location;pos;1;1
2600;2612;Rasa rata-rata sarapan dan menu untuk memilih dari;service;pos;2;1
2600;2613;internet sangat lambat pada waktu tertentu;facilities;neg;3;0
2601;2614;Ruangan itu bagus;room;pos;0;1
2601;2615;meja depan sangat baik;service;pos;2;1
2601;2616;Saya suka makanan;service;pos;2;1
2601;2617;tetapi saya restoran layanan ini tidak cukup baik;service;neg;2;0
2601;2618;Lokasinya berada di pusat kota;location;pos;1;1
2602;2619;"JIKA ANDA INGIN KERAMAHAN 99% TANPA RAGU TIDAK LAIN DARIPADA TEMPAT LAIN ""neo malioboro""   sangat dekat dengan jalan malioboro yang terkenal dan hanya di depan stasiun kereta api";service;pos;2;1
2602;2620;Staf kantor depan adalah sangat ramah dan membantu dan yang lain juga sangat baik;service;pos;2;1
2603;2621;bersih;service;pos;2;1
2603;2622;sarapan adalah besar;service;pos;2;1
2603;2623;sedikit bising karena dekat dengan stasiun kereta api;location;neg;1;0
2604;2624;dan kualitas baik wifi di kamar;facilities;pos;3;1
2604;2625;Sarapan di sini adalah benar-benar luar biasa -- banyak pilihan makanan;service;pos;2;1
2604;2626;dan kopi yang enak;service;pos;2;1
2604;2627;pilihan yang baik untuk sarapan jika cuaca baik;service;pos;2;1
2605;2628;Pihak keamanan yang sangat membantu ketika salah satu dari mereka dengan sukarela meminjamkan saya memakai helm;service;pos;2;1
2606;2629;Saya sangat suka dengan desain hitam dan putih di kamar;room;pos;0;1
2606;2630;Kamarnya cukup besar untuk saya dan hal yang paling penting adalah bersih;room;pos;0;1
2606;2631;Mereka melayani lezat sarapan;service;pos;2;1
2606;2632;Pelayanannya juga baik dan ramah;service;pos;2;1
2607;2633;Staf sangat baik;service;pos;2;1
2607;2634;membantu dan ramah;service;pos;2;1
2607;2635;Kamar besar;room;pos;0;1
2607;2636;bersih dan cerah;room;pos;0;1
2608;2637;lokasi dan kebersihan sangat baik;service;pos;2;1
2608;2638;Menawarkan sarapan prasmanan yang baik;service;pos;2;1
2608;2639;Wifi adalah yang terbaik;facilities;pos;3;1
2608;2640;Lokasinya sangat dekat dengan pusat perbelanjaan malioboro;location;pos;1;1
2609;2641;Sarapan memiliki pilihan besar;service;pos;2;1
2609;2642;Kamar bersih dan wajar ukuran;room;pos;0;1
2609;2643;Lokasi kamar kami adalah sangat baik;room;pos;0;1
2609;2644;Staf/layanan pelanggan luar biasa;service;pos;2;1
2610;2645;Lokasi hotel sangat dekat dengan malioboro;location;pos;1;1
2610;2646;hotel ini juga dekat dengan stasiun kereta api yang berarti bersiaplah untuk dibangunkan oleh suara yang terkait dengan kereta sepanjang malam;location;neg;1;0
2610;2647;Kamar yang memadai ukuran;room;pos;0;1
2610;2648;sangat bersih dan baru;service;pos;2;1
2610;2649;Layanan kamar dan rumah tangga adalah baik dan cepat;service;pos;2;1
2610;2650;Kamar mandi fantastis;room;pos;0;1
2611;2651;Kami tinggal di sini selama 3 malam - kualitas layanan di atas harapan (orang-orang yang benar-benar membantu dan terbuka untuk persyaratan kami);service;pos;2;1
2611;2652;sarapan sangat baik;service;pos;2;1
2612;2653;bersih dan nyaman dengan interior yang modern;facilities;pos;3;1
2612;2654;lokasi hotel ini dekat dengan stasiun kereta api;location;pos;1;1
2612;2655;jadi itu sangat bising di malam hari;location;neg;1;0
2612;2656;Tapi staf hotel sangat membantu dan ramah;service;pos;2;1
2613;2657;Makanan yang layak dan kamar rata-rata ukuran dan kualitas;service;pos;2;1
2614;2658;Staf yang ramah;service;pos;2;1
2614;2659;bersih dan sarapan yang luar biasa;service;pos;2;1
2614;2660;hanya dekat dengan jalan malioboro;location;pos;1;1
2615;2661;Lokasinya dekat dengan jalan malioboro dan stasiun kereta api adalah daya tarik utama;location;pos;1;1
2615;2662;khususnya tempat tidur yang sangat baik;facilities;pos;3;1
2616;2663;Hotel baru yang bagus hanya off jalan utama malioboro;location;pos;1;1
2616;2664;Staf yang ramah dan tempat yang bersih dan nyaman;service;pos;2;1
2617;2665;Hotel bersih dan bagus Stasiun kereta api terdekat yang bising karena  Lokasi yang baik jika anda ingin berjalan kaki ke jalan malioboro  Segala sesuatu di menu ini tidak tersedia  Ini perlu untuk diperbaiki   Kamarnya bagus dan bersih   proses check in memakan waktu yang sangat lama karena hanya 2 kamar yang siap di;service;neg;2;0
2618;2666;hotel baru dengan fasilitas baru;facilities;pos;3;1
2618;2667;layanan besar dan lokasi yang tenang dekat ke malioboro seperti yang kami harapkan;location;pos;1;1
2618;2668;Tapi secara keseluruhan kami sangat puas dengan pelayanannya;service;pos;2;1
2619;2669;Neo sky lounge yang sangat bagus ruang terbuka di mana saya dapat menikmati pemandangan kota;facilities;pos;3;1
2619;2670;Sup buntutnya enak dan porsinya besar sehingga menu (untuk saya);service;pos;2;1
2619;2671;Neo juga memiliki berbagai menu;service;pos;2;1
2620;2672;Lokasi sangat baik;location;pos;1;1
2620;2673;Ini adalah hanya 5 menit berjalan kaki dari jalan malioboro yang terkenal dan sangat mudah untuk mengakses beberapa kebutuhan setiap hari karena ada toko yang nyaman tepat di luar dan sebuah mal tepat di sudut;location;pos;1;1
2620;2674;wifi sangat cepat;facilities;pos;3;1
2620;2675;siapa yang tidak seperti hotel yang bagus dengan pelayanan yang baik dan wifi yang tidak menu;service;pos;2;1
2621;2676;Layanan ini cepat karena wifi;facilities;pos;3;1
2622;2677;Hotel ini baru dan memiliki lokasi yang baik juga;location;pos;1;1
2622;2678;Benar-benar sangat strategis;location;pos;1;1
2622;2679;Saya tidak dapat tidur dengan baik;room;neg;0;0
2622;2680;karena lokasinya yang sangat dekat dengan stasiun formulir thr;location;neg;1;0
2622;2681;Saya mendengar suara yang sangat bising;room;neg;0;0
2623;2682;Lokasi sangat strategis;location;pos;1;1
2623;2683;dekat dengan jalan malioboro di mana anda dapat menemukan cara hidup tradisional yogyakarta;location;pos;1;1
2623;2684;Keramahan staf sangat baik;service;pos;2;1
2624;2685;hotel ini di lokasi yang sangat baik dekat stasiun kereta api;location;pos;1;1
2624;2686;proses check in yang cepat;service;pos;2;1
2624;2687;resepsionis sangat membantu juga;service;pos;2;1
2625;2688;Lokasi bagus;location;pos;1;1
2625;2689;dekat dengan stasiun yogyakarta dan jalan malioboro yang ramai;location;pos;1;1
2625;2690;Hotel yang bersih dan nyaman dan fitur terbaik (menurut pendapat saya) adalah sarapan;facilities;pos;3;1
2625;2691;Banyak makanan yang enak dan minuman untuk memilih dari dan semua selera yang baik dan kualitas;service;pos;2;1
2625;2692;Fasilitas yang juga sangat baik misalnya;facilities;pos;3;1
2626;2693;Kamar yang bagus dan bersih;room;pos;0;1
2626;2694;Sarapan yang luar biasa dan makanan;service;pos;2;1
2626;2695;Layanan yang baik;service;pos;2;1
2626;2696;Kolam renang yang bagus;facilities;pos;3;1
2626;2697;Hanya sedikit berisik dengan suara jalan;location;neg;1;0
2626;2698;Dekat jalio malioboro hanya sekitar sudut;location;pos;1;1
2627;2699;Saya sangat senang dengan saya menginap di neo malioboro - staf yang sangat ramah dan membantu;service;pos;2;1
2627;2700;kamar adalah ukuran yang baik dengan kamar mandi yang bagus dengan kaca besar tertutup mandi;room;pos;0;1
2627;2701;Sarapan prasmanan yang lengkap dengan berbagai memasak stasiun telur;service;pos;2;1
2627;2702;Restoran yang bagus untuk makan malam yang sangat terjangkau;service;pos;2;1
2628;2703;Dekat dengan stasiun kereta api;location;pos;1;1
2628;2704;lokasi yang baik;location;pos;1;1
2628;2705;dan sangat dekat dengan malioboro di yogyakarta;location;pos;1;1
2629;2706;Dekat dengan stasiun kereta api dan di awal jalan malioboro;location;pos;1;1
2629;2707;Kamarnya bagus;room;pos;0;1
2629;2708;tetapi dengan tempat tidur yang nyaman dan bantal;facilities;pos;3;1
2629;2709;seprai bersih dan baik ac;facilities;pos;3;1
2629;2710;tetapi kamar mandi sangat baik;room;pos;0;1
2629;2711;tapi tempat ini memiliki prasmanan besar dengan banyak jenis makanan;service;pos;2;1
2630;2712;Lokasi yang sangat baik;location;pos;1;1
2630;2713;Dekat dengan tempat belanja;location;pos;1;1
2630;2714;Prasmanan sangat baik;service;pos;2;1
2630;2715;Kamar bersih;room;pos;0;1
2630;2716;nyaman dan tempat tidur yang sangat nyaman;facilities;pos;3;1
2630;2717;Tidak ada keluhan pada wi - bahkan di dalam kamar dengan kecepatan yang cepat;facilities;pos;3;1
2630;2718;hotel ini sangat dekat dengan stasiun kereta api dan kecuali anda mati lelah;location;neg;1;0
2631;2719;pengalaman menginap yang sangat memuaskan - baik lokasi sentral untuk mengunjungi yogyakarta;location;pos;1;1
2631;2720;kolam renang adalah bagus setelah hari yang panjang berjalan di kota di bawah sinar matahari;facilities;pos;3;1
2631;2721;Kamar bersih dan super sarapan;room;pos;0;1
2632;2722;Lokasi yang sangat bagus;location;pos;1;1
2632;2723;Staf yang ramah dan membantu;service;pos;2;1
2632;2724;Sarapan yang luar biasa;service;pos;2;1
2633;2725;Staf yang sangat efisien dan kamar yang sangat bersih dan nyaman;room;pos;0;1
2633;2726;Kamar mandi bersih dengan banyak fasilitas toilet;room;pos;0;1
2633;2727;Lokasi sempurna;location;pos;1;1
2633;2728;Sarapan memiliki berbagai makanan dan kehilangan bola dilakukan dengan sangat cepat;service;pos;2;1
2633;2729;Hanya kekurangannya adalah dekat dengan stasiun kereta;location;neg;1;0
2633;2730;peluit kereta api jelas terdengar di dalam kamar;room;neg;0;0
2634;2731;Sarapan yang layak;service;pos;2;1
2634;2732;Tempat parkir cukup baik walaupun di hari ke 2 cukup ramai karena bus pariwisata;facilities;pos;3;1
2635;2733;Kamar nyaman tapi sedikit bising terutama pagi (dari 5 + jam;room;neg;0;0
2635;2734;Lokasinya bagus karena berada di dekat jalan malioboro dengan banyak objek wisata;location;pos;1;1
2636;2735;Bersih dan staf yang membantu;service;pos;2;1
2636;2736;Sarapan sangat baik dan kami menikmati 3 malam di sana benar-benar;service;pos;2;1
2636;2737;Lokasinya dekat dengan jalan malioboro;location;pos;1;1
2637;2738;Neo malioboro terletak kurang dari satu menit berjalan kaki ke pusat malioboro sehingga anda mendapatkan semua kenyamanan tanpa berada di jalan yang ramai;location;pos;1;1
2637;2739;Sarapan prasmanan sangat luar biasa;service;pos;2;1
2637;2740;Staf hotel yang sangat membantu;service;pos;2;1
2637;2741;Itu adalah hujan selama satu malam dan mereka memberi kami payung tanpa biaya tambahan;service;pos;2;1
2638;2742;Pelayanan yang baik;service;pos;2;1
2638;2743;lokasi strategis;location;pos;1;1
2638;2744;akses mudah;location;pos;1;1
2638;2745;kamar bersih;room;pos;0;1
2638;2746;tetapi tidak dibersihkan setiap hari;room;neg;0;0
2638;2747;dekat dengan rel dan malioboro;location;pos;1;1
2638;2748;Staf hotel sangat baik dan check in yang cepat;service;pos;2;1
2638;2749;mudah akses ke taksi;location;pos;1;1
2638;2750;dekat dengan angkringan dan jalan makanan;location;pos;1;1
2639;2751;Lokasi yang bagus;location;pos;1;1
2639;2752;dekat dengan rel dan jalan malioboro Baik nilai untuk uang anda Kolam renang menyegarkan setelah hari yang hangat Kamar yang bersih Sarapan prasmanan yang sangat bagus Pilihan makan malam yang perlu perbaikan staf yang sangat membantu 24 jam toko plus;service;pos;2;1
2640;2753;Staf hotel yang sangat sopan dan membantu;service;pos;2;1
2640;2754;Yang paling menarik adalah tidak hanya staf tetapi lokasi;location;pos;1;1
2640;2755;saya suka sarapan yang menawarkan berbagai pilihan;service;pos;2;1
2641;2756;bersih dan memiliki fasilitas yang baik  tips dari saya adalah harap memberi lebih banyak kamar dan tarif promosi untuk membuat kamar khusus untuk tamu dengan keluarga;service;pos;2;1
2642;2757;Layanan ini baik;service;pos;2;1
2642;2758;tapi tidak di kamar dan peralatan yang sempurna dan lengkap;room;pos;0;1
2642;2759;tapi ada tidak ada tv saluran informasi dan aku telah meminta untuk layanan kamar tapi tidak diberikan sampai hari terakhir saya check out;facilities;neg;3;0
2642;2760;Handuk hanya 2;facilities;neg;3;0
2642;2761;Harga cukup mahal di neo dengan ukuran kamar yang sama di hotel bintang 3 lainnya;service;neg;2;0
2642;2762;Double tempat tidur di neo lebih kecil (saya telah meminta untuk raja ukuran tapi tidak disediakan);facilities;neg;3;0
2643;2763;Hotel layanan sangat baik;service;pos;2;1
2643;2764;Staf sangat sopan dan membantu;service;pos;2;1
2643;2765;Makanan yang sangat lezat;service;pos;2;1
2643;2766;Lampu kamar sangat lemah;facilities;neg;3;0
2643;2767;Saluran tv yang tidak jelas;facilities;neg;3;0
2643;2768;Kamar yang sangat bersih;room;pos;0;1
2644;2769;Akses mudah ke tempat-tempat wisata di sekitar kota;location;pos;1;1
2644;2770;Kamar bersih dan layanan di meja resepsionis adalah sangat efisien;service;pos;2;1
2644;2771;Ada juga kolam renang yang bagus dan sky lounge yang bagus untuk bersantai dan menikmati makanan yang baik;facilities;pos;3;1
2645;2772;Lokasi yang bagus;location;pos;1;1
2645;2773;Hotel ini sangat dekat dengan jalan malioboro;location;pos;1;1
2645;2774;Hotel baru dan kamar yang bersih;room;pos;0;1
2645;2775;staf yang sangat baik dan layanan;service;pos;2;1
2645;2776;Bagus dan sarapan yang lezat;service;pos;2;1
2645;2777;Koneksi wifi yang baik;facilities;pos;3;1
2646;2778;bersih;service;pos;2;1
2646;2779;Lokasi yang bagus;location;pos;1;1
2646;2780;dekat juga dengan stasiun kereta api;location;pos;1;1
2647;2781;Staf dan layanan yang sangat baik;service;pos;2;1
2647;2782;Lokasi di pusat kota jogja;location;pos;1;1
2647;2783;tidur nyaman dengan bantal tambahan yang bisa menjadi lebih baik;facilities;pos;3;1
2647;2784;Wifi bagus;facilities;pos;3;1
2647;2785;Sarapan yang baik dan rasa;service;pos;2;1
2648;2786;Lokasi sangat baik;location;pos;1;1
2648;2787;dekat jalan malioboro hanya sekitar sudut dan dari bandara anda dapat menangkap bus ke jalan malioboro dan hanya 2 menit berjalan kaki ke hotel dari berhenti;location;pos;1;1
2648;2788;Sarapan cukup baik dan menawarkan banyak pilihan untuk memilih dari;service;pos;2;1
2648;2789;Namun makan malam prasmanan di malam hari yang adalah kekecewaan lengkap;service;neg;2;0
2648;2790;Meja dan kursi yang rendah untuk bersantai lebih dari dibuat untuk makan malam jadi tidak membuat makan sangat nyaman;facilities;neg;3;0
2649;2791;"itu sangat bersih dan sangat dekat dengan ""jalan malioboro""";location;pos;1;1
2649;2792;kita bisa mendengar kamar sebelah terbuka mandi dan kebisingan dari jalan;room;neg;0;0
2649;2793;Tapi ini adalah dekat dengan malioboro;location;pos;1;1
2650;2794;Lokasi sangat baik;location;pos;1;1
2650;2795;Malioboro adalah tidak jauh dan ada banyak hal untuk dilakukan di daerah;location;pos;1;1
2650;2796;Benar-benar itu sangat nyaman tinggal di sebuah hotel yang sangat modern dengan semua yang anda butuhkan facillaties;facilities;pos;3;1
2651;2797;Bersih;service;pos;2;1
2651;2798;Dekat dengan malioboro dan stasiun kereta st;location;pos;1;1
2651;2799;Sarapan sangat baik;service;pos;2;1
2651;2800;Staf yang fantastis;service;pos;2;1
2651;2801;baik renang pooll;facilities;pos;3;1
2651;2802;restoran yang bagus;facilities;pos;3;1
2651;2803;Koneksi internet yang cepat di semua hotel;facilities;pos;3;1
2652;2804;Layanan dan lokasi hotel ini sangat strategis;location;pos;1;1
2652;2805;Dan sangat dekat dengan malioboro dan stasiun kereta api;location;pos;1;1
2653;2806;- lokasi yang baik (hotel ini dekat menarik daerah seperti jalan malioboro;location;pos;1;1
2653;2807;dekat dengan stasiun tugu) - check out (kurang dari 1 menit);service;pos;2;1
2653;2808;sangat berguna ketika terburu-buru mengejar jadwal kereta/pesawat - menu sarapan sangat bervariasi;service;pos;2;1
2654;2809;Lokasi adalah berjalan kaki ke malioboro;location;pos;1;1
2654;2810;kamar yang bersih tapi sangat kecil;room;neg;0;0
2654;2811;Koneksi internet yang tidak benar-benar baik terutama jika anda berada di perjalanan bisnis dan harus mendownload sesuatu dari kantor pusat;facilities;neg;3;0
2654;2812;Saluran tv juga tidak bagus dan hanya beberapa yang dapat dilihat jelas;facilities;neg;3;0
2655;2813;Modern dan hotel yang sangat dekat dengan malioboro;location;pos;1;1
2655;2814;Staf yang ramah;service;pos;2;1
2655;2815;segar makanan yang bervariasi untuk sarapan;service;pos;2;1
2656;2816;Lokasi bagus;location;pos;1;1
2656;2817;bagus kolam renang yang bersih;facilities;pos;3;1
2656;2818;makanan yang baik;service;pos;2;1
2656;2819;kamar yang sangat bersih dengan staf yang ramah tambahan;room;pos;0;1
2656;2820;Pengalaman menginap yang luar biasa :);service;pos;2;1
2657;2821;Hotel ini di lokasi yang baik untuk berjalan ke toko-toko suvenir;location;pos;1;1
2657;2822;Ini adalah sedikit jauh (jika berjalan) dari beberapa restoran yang lebih baik meskipun makanan di hotel adalah lezat dan sangat cukup harga;location;pos;1;1
2657;2823;Ada pilihan besar saat sarapan;service;pos;2;1
2657;2824;Layanan ini sangat baik;service;pos;2;1
2657;2825;staf sangat ramah dan membantu;service;pos;2;1
2657;2826;Kebersihan kamar bisa menjadi sedikit lebih baik;room;pos;0;1
2657;2827;Ada banyak kotoran di bawah tempat tidur tapi selain itu sangat bersih;room;neg;0;0
2658;2828;Hotel nyaman dengan fasilitas yang baik;facilities;pos;3;1
2658;2829;Menu sarapan tidak ada penurunan quality dibandingkan 2015;service;pos;2;1
2658;2830;Lokasinya cukup strategis;location;pos;1;1
2659;2831;Staf yang baik dan membantu;service;pos;2;1
2659;2832;hotel yang sangat bersih yang sangat besar dengan berbagai ketersediaan;service;pos;2;1
2659;2833;"Sarapan adalah luar biasa; Anda dapat mencapainya dengan berjalan kaki";service;pos;2;1
2659;2834;Kamar sangat nyaman dengan air yang disediakan;room;pos;0;1
2659;2835;dan koneksi wifi yang baik;facilities;pos;3;1
2660;2836;Kebersihan hotel adalah nilai yang sangat tinggi;service;pos;2;1
2660;2837;Lokasi ini sangat strategis;location;pos;1;1
2660;2838;Makanan yang sangat baik;service;pos;2;1
2660;2839;Layanan ini fantastis dan sangat baik;service;pos;2;1
2661;2840;Hotel tampak baru dan modern;facilities;pos;3;1
2661;2841;Kolam renang yang bagus;facilities;pos;3;1
2661;2842;sarapan besar;service;pos;2;1
2661;2843;lokasi yang nyaman dekat dengan stasiun kereta api dan jalan malioboro;location;pos;1;1
2661;2844;Staf sangat ramah dan kompeten;service;pos;2;1
2661;2845;Negatif besar adalah bukan kepalang lemah stasiun tv kabel;facilities;neg;3;0
2662;2846;Hotel ini bagus dan bersih;service;pos;2;1
2662;2847;Sayangnya ini juga dekat dengan stasiun kereta;location;pos;1;1
2662;2848;jadi aku tidak bisa tidur dengan baik di malam hari karena suara dari kereta api dan suara dari stasiun kereta pengumuman yang sangat keras;location;neg;1;0
2663;2849;Masalah utama di lokasi hotel ini cukup dekat dengan stasiun kereta api;location;neg;1;0
2663;2850;karena kamarnya sangat bersih;room;pos;0;1
2663;2851;Kualitas wifi perlu ditingkatkan;facilities;neg;3;0
2664;2852;neo malioboro cukup nyaman dan bersih;service;pos;2;1
2664;2853;kamar bagus;room;pos;0;1
2664;2854;dan keramahan yang baik dari staf Lokasi sangat strategis;service;pos;2;1
2665;2855;sangat dekat ke malioboro;location;pos;1;1
2665;2856;anda akan mendapatkan pemandangan merapi dari kamar anda;room;pos;0;1
2665;2857;kereta api yang sangat bising;location;neg;1;0
2665;2858; coz tempat ini juga dekat dengan stasiun kereta api: p Secara keseluruhan;location;pos;1;1
2666;2859;Ada bau yang datang dari toilet di seberang dari lift;room;neg;0;0
2667;2860;Lokasi sangat bagus;location;pos;1;1
2667;2861;sangat dekat dengan malioboro;location;pos;1;1
2667;2862;Hotel ini juga dekat dengan stasiun kereta api;location;pos;1;1
2667;2863;tetapi kadang-kadang di malam hari anda akan masih mendengar beberapa kebisingan dari stasiun;location;neg;1;0
2667;2864;kamar memiliki ukuran yang layak;room;pos;0;1
2667;2865;dan kamar mandi juga ukuran yang sempurna;room;pos;0;1
2667;2866;Satu-satunya kekurangan di kamar adalah dindingnya kedap suara;room;neg;0;0
2668;2867;Jika anda mencari hotel dengan lokasi yang bagus dekat dengan stasiun tugu dan malioboro ini adalah tempat dengan pemandangan yang indah;location;pos;1;1
2669;2868;Kami tinggal dua malam dan lokasi yang baik bagi kita untuk mengambil kereta api di pagi hari;location;pos;1;1
2669;2869;Kamar adalah bersih;room;pos;0;1
2669;2870;Staf adalah sangat membantu;service;pos;2;1
2669;2871;Hanya internet sangat lambat;facilities;neg;3;0
2670;2872;Lokasi yang besar seperti itu hanya berjalan kaki ke jalan malioboro;location;pos;1;1
2670;2873;Staf meja depan adalah ramah dan efisien;service;pos;2;1
2670;2874;Kebersihan kamar sangat baik;room;pos;0;1
2671;2875;Lokasi yang strategis di antara stasiun kereta api dan area perbelanjaan terkenal malioboro;location;pos;1;1
2671;2876;Tipikal hotel budget dengan kamar yang bagus dan bersih;room;pos;0;1
2671;2877;Sangat baik kamar standar;room;pos;0;1
2671;2878;tidak terlalu kecil dan tidak besar baik;room;pos;0;1
2671;2879;Cukup berisik karena terlalu dekat ke stasiun kereta api;room;neg;0;0
2671;2880;Harga ok;service;pos;2;1
2672;2881;Hotel ini menawarkan masa menginap yang nyaman di lokasi yang sangat bagus di yogyakarta;location;pos;1;1
2672;2882;Ini adalah beberapa menit berjalan kaki ke jalan marlioboro dan meskipun dekat dengan stasiun kereta api;location;pos;1;1
2672;2883;Hotel ini sangat bersih dan staf yang sangat ramah dan membantu;service;pos;2;1
2672;2884;Makanan di restoran adalah terutama indonesia dengan sangat terbatas pilihan makanan barat;service;pos;2;1
2674;2885;sangat diakses baik;location;pos;1;1
2674;2886;Lokasi yang sangat bagus;location;pos;1;1
2674;2887;Ruangan itu di atas harapan;room;pos;0;1
2674;2888;Staf sangat membantu;service;pos;2;1
2675;2889;Lokasi ini dekat dengan pusat perbelanjaan jalan malioboro;location;pos;1;1
2675;2890;ac yang sangat membuat kami bersantai hari;facilities;pos;3;1
2675;2891;dengan fasilitas toilet yang bersih;room;pos;0;1
2675;2892;bagus dan lembut tempat tidur;facilities;pos;3;1
2675;2893;staf yang sangat ramah;service;pos;2;1
2675;2894;proses check in/out sangat cepat dan baik sarapan;service;pos;2;1
2676;2895;Lokasi terbaik dengan harga yang terjangkau;location;pos;1;1
2676;2896;Hanya 5 menit berjalan kaki dari hotel dan hotel ini sangat dekat dengan keraton jogja;location;pos;1;1
2677;2897;Staf yang ramah membuat kami tinggal sempurna di satu bahagia;service;pos;2;1
2677;2898;Lokasinya bagus;location;pos;1;1
2677;2899;dekat dengan stasiun dan malioboro;location;pos;1;1
2677;2900;Dekat dengan stasiun tidak memiliki kekurangan;location;pos;1;1
2678;2901;menjaga kamar bersih dan surrrounding;room;pos;0;1
2678;2902;keramahan yang baik dari setiap staf dan tetap baik;service;pos;2;1
2679;2903;Secara keseluruhan layanan dan fasilitas yang sangat bagus;service;pos;2;1
2679;2904;dan lokasi yang sempurna karena sangat dekat dengan jalan malioboro;location;pos;1;1
2679;2905;dan sisanya adalah ok Makanan juga sangat baik dan sangat lezat;service;pos;2;1
2680;2906;Ini adalah hotel yang baru dalam kondisi yang sangat bagus dengan kamar yang sangat bersih;room;pos;0;1
2680;2907;staf yang ramah dan terletak hanya 5 menit berjalan kaki ke stasiun tugu (PRAMEKS 15 menit perjalanan kereta api ke jogja bandara @ Maguwo stasiun IDR8000 salah satu cara);location;pos;1;1
2680;2908;Kami benar-benar menikmati dan mencintai sarapan prasmanan yang luar biasa dengan banyak pilihan yang menawarkan makanan lebih baik daripada beberapa hotel yang beroperasi;service;pos;2;1
2680;2909;Hotel yang sangat direkomendasikan untuk lokasi;location;pos;1;1
2681;2910;bagus dan bersih;service;pos;2;1
2681;2911;Lokasi yang strategis;location;pos;1;1
2681;2912;Dekat dengan jalan malioboro dan mudah untuk mendapatkan becak atau taksi;location;pos;1;1
2681;2913;Cepat saat check in dan check out;service;pos;2;1
2681;2914;Concierge dan resepsionis sangat membantu;service;pos;2;1
2682;2915;Secara lokasi sangat dekat dengan malioboro;location;pos;1;1
2682;2916;Kamar bagus & bersih dan tempat tidur yang sangat nyaman;room;pos;0;1
2682;2917;Pilihan sarapan yang sangat baik lebih baik daripada beberapa lain 4????hotel;service;pos;2;1
2682;2918;Staf sangat baik;service;pos;2;1
2682;2919;ramah & sabar;service;pos;2;1
2682;2920;Gudeg yang sangat enak dan jamu ini unik karena ini adalah pertama kalinya saya mengalami ini dengan sarapan :)  Check in cepat dan lancar;service;pos;2;1
2683;2921;Sikap staf yang sangat baik;service;pos;2;1
2683;2922;Lokasi adalah hanya di sebelah area perbelanjaan utama dan hal-hal yang dapat dijelajahi dengan mudah dari sana;location;pos;1;1
2684;2923;Hotel bersih;service;pos;2;1
2684;2924;pelayanan yang baik dari staf dan sarapan yang baik juga;service;pos;2;1
2684;2925;Ruangan itu di atas harapan kami untuk harga yang diberikan;room;pos;0;1
2685;2926;Lokasi hotel sangat bagus karena sangat dekat ke jalan malioboro;location;pos;1;1
2685;2927;hotel ini terletak di pusat semua atraksi misalnya jomblang goa;location;pos;1;1
2685;2928;Dari segi kebersihan adalah luar biasa;service;pos;2;1
2685;2929;Sarapan pagi tidak begitu buruk tapi sedikit pilihan makanan;service;neg;2;0
2686;2930;Hotel ini terletak dekat dengan pasar malioboro;location;pos;1;1
2686;2931;dan memiliki akses yang baik untuk belanja dan makanan;location;pos;1;1
2686;2932;Ukuran kamarnya cukup masuk akal untuk harga dengan fasilitas dasar;room;pos;0;1
2686;2933;Pilihan sarapan yang sangat baik tetapi sangat penuh sesak dengan mahasiswa ketika aku ada di sana;service;pos;2;1
2686;2934;Atap kafe adalah tempat yang bagus untuk melihat kota dan untuk bersantai setelah hari yang panjang keluar dan sekitar;facilities;pos;3;1
2687;2935;Harga yang terjangkau untuk berbagai harga yang ditawarkan;service;pos;2;1
2687;2936;Tidak terlalu dekat dan tidak terlalu jauh dari area perbelanjaan terbesar;location;pos;1;1
2687;2937;Staf yang sopan dan rapi;service;pos;2;1
2687;2938;Pemandangan yang indah dari atap;facilities;pos;3;1
2688;2939;Layanan sangat baik;service;pos;2;1
2688;2940;sangat staf yang ramah super duper adalah sangat bersedia membantu dan membantu untuk membuat masa menginap anda pengalaman yang baik;service;pos;2;1
2688;2941;Dekat dengan malioboro mall;location;pos;1;1
2688;2942;akses mudah ke stasiun kereta api tugu dan baru bersih dan keseluruhan hotel yang sangat bagus;location;pos;1;1
2689;2943;sangat dekat dengan stasiun kereta api dan banyak tempat kuliner baik di kembali pengepakan daswati;location;pos;1;1
2689;2944;anda tidak akan menyesal) staf yang ramah di hotel;service;pos;2;1
2689;2945;tapi mereka benar-benar antusias dan kamar kami sangat bersih dan nyaman;room;pos;0;1
2690;2946;hanya sekitar 200 meter dari hotel;location;pos;1;1
2691;2947;Sarapannya fantastis;service;pos;2;1
2691;2948;Ruangan itu bagus dan bersih;room;pos;0;1
2691;2949;itu sangat bising di kamar yang menghadap ke rel namun di jalan samping kamar di sisi lain adalah tenang;room;neg;0;0
2691;2950;Staf benar-benar ramah dan membantu;service;pos;2;1
2692;2951;Lokasi sangat bagus;location;pos;1;1
2692;2952;hanya beberapa langkah dari malioboro;location;pos;1;1
2692;2953;Banyak pilihan untuk sarapan;service;pos;2;1
2692;2954;Staf sangat ramah dan siap membantu;service;pos;2;1
2692;2955;Ukuran kamar yang tidak terlalu kecil;room;pos;0;1
2692;2956;Kamar mandi adalah bersih;room;pos;0;1
2692;2957;Atap lounge adalah keren;facilities;pos;3;1
2693;2958;Makanan yang hebat;service;pos;2;1
2693;2959;kamar yang bagus;room;pos;0;1
2693;2960;layanan yang sangat baik dengan harga yang dapat diterima;service;pos;2;1
2693;2961;bantal bisa lebih baik;facilities;neg;3;0
2694;2962;Kamar yang indah sangat bersih dengan akomodasi yang baik;room;pos;0;1
2694;2963;Staf sangat ramah dan membantu dengan keterampilan bahasa inggris yang baik;service;pos;2;1
2694;2964;sangat baik pusat kota akomodasi untuk harga;location;pos;1;1
2694;2965;Staf hotel telah sangat membantu dalam mengatur pengiriman kembali kepada kami;service;pos;2;1
2695;2966;Lokasi dekat stasiun kereta api dan 5 dari yogyakarta menit jalan kaki dari malioboro;location;pos;1;1
2695;2967;sarapan pagi memiliki varian antara makanan barat dan makanan tradisional;service;pos;2;1
2695;2968;kamar adalah bersih;room;pos;0;1
2696;2969;staf terlatih dan membantu;service;pos;2;1
2697;2970;itu benar-benar adalah hotel yang bagus dan keramahan layanan dari staf hotel;service;pos;2;1
2697;2971;Semua dari mereka adalah benar-benar membantu dan sangat baik sikap;service;pos;2;1
2697;2972;Mereka memiliki makanan yang baik dan makanan yang disajikan banyak;service;pos;2;1
2697;2973;Benar-benar fantastis-dan makanan yang baik;service;pos;2;1
2698;2974;Kamar hotel bersih dan memiliki toilet air panas dan dingin dan bersih;room;pos;0;1
2699;2975;Kamarnya kecil tapi bersih;room;pos;0;1
2699;2976;toilet dan bersih;room;pos;0;1
2699;2977;Wifi yang sangat kuat;facilities;pos;3;1
2699;2978;Lokasi hotel ini dekat Marlioboro berjalan jauh;location;pos;1;1
2699;2979;namun stasiun kereta api dekat oleh dapat menjadi gangguan di malam hari;location;neg;1;0
2700;2980;Hal-Hal Positif  Lokasi + - sangat dekat dengan halte bus;location;pos;1;1
2700;2981;stasiun kereta api dan pusat perbelanjaan  + New hotel - sangat bersih kamar dan kamar mandi + Kualitas tidur + Sarapan yang luar biasa dengan berbagai besar makanan ditawarkan + Kamar memiliki brankas elektronik + Kopi dan air panas ketel di kamar + sangat cepat wifi dan tidak ada pembatasan pada jumlah perangkat yang dapat terhubung Pengendali suhu di + kamar mandi yang efisien dan efektif Staf sangat ramah + + Dijemput oleh hotel dari bandara yogyakarta;room;pos;0;1
2700;2982;Mobil dan pengemudi yang sangat baik;service;pos;2;1
2701;2983;Superior queen kamar itu adalah kamar yang nyaman dan kami punya kamar standar;room;pos;0;1
2701;2984;Sarapan sangat baik dan ada banyak pilihan;service;pos;2;1
2701;2985;hotel menyediakan kotak sarapan dengan baik makanan indonesia (nasi goreng) atau makanan amerika (roti dan kue) penyortirannya;service;pos;2;1
2702;2986;- LOKASI STRATEGIS Aku memilih properti ini karena itu lokasi dan dari pengalaman sebelumnya di neo dirantai-hotel yang saya suka banyak (neo candi - Semarang);location;pos;1;1
2702;2987;super dekat dari malioboro sehingga anda dapat pergi berjalan kaki ke malioboro;location;pos;1;1
2702;2988;^_^  - Sambutan hangat saat check-in Kami tiba cukup terlambat di hotel;service;pos;2;1
2702;2989;Tapi staf yang masih ramah dengan senyum lebar dan super ramah;service;pos;2;1
2702;2990;Prosedur check-in yang terlalu cepat;service;pos;2;1
2702;2991;tidak butuh waktu lama bagi kita untuk mendapatkan kunci kamar kami;service;pos;2;1
2703;2992;kamar yang tidak kedap suara;room;neg;0;0
2703;2993;Hotel ini berada di dekat jalan malioboro;location;pos;1;1
2703;2994;Staf yang sangat ramah;service;pos;2;1
2704;2995;Lokasi terbaik;location;pos;1;1
2704;2996;Dekat dengan stasiun kereta api dan malioboro;location;pos;1;1
2704;2997;Check-in dan check-out lebih lama;service;neg;2;0
2704;2998;"tetapi staf kantor depan sangat membantu ""pekik""";service;pos;2;1
2704;2999;Kamarnya bersih;room;pos;0;1
2704;3000;ranjangnya nyaman;facilities;pos;3;1
2704;3001;tidak ada kebocoran di kamar mandi;room;pos;0;1
2704;3002;plus genangan air di kamar mandi adalah sedikit lambat;room;neg;0;0
2704;3003;Wifi yang tidak dapat bekerja;facilities;neg;3;0
2704;3004;Sarapan yang baik;service;pos;2;1
2704;3005;Kolam renang adalah bagus dan bersih;facilities;pos;3;1
2705;3006;Layanan luar biasa;service;pos;2;1
2705;3007;kamar yang bersih;room;pos;0;1
2705;3008;Mereka memiliki varian makanan;service;pos;2;1
2705;3009;Dan lokasi sangat dekat dengan malioboro;location;pos;1;1
2705;3010;Staf juga sangat ramah;service;pos;2;1
2706;3011;bersih;service;pos;2;1
2706;3012;layanan yang baik dan sarapan;service;pos;2;1
2706;3013;1 malam pemesanan di kamar standar dan benar-benar terkejut dengan ukuran tempat tidur yang besar;room;pos;0;1
2706;3014;Lokasi yang sangat dekat ke jalan malioboro;location;pos;1;1
2707;3015;sederhana - gaya minimalis dan klasik warna sesuai kebutuhan saya untuk perjalanan bisnis dan liburan;facilities;pos;3;1
2707;3016;Nyaman tempat tidur dan bantal yang benar-benar bagus untuk bengkak saya baik tidur;facilities;pos;3;1
2707;3017;Sarapan yang disediakan beragam;service;pos;2;1
2707;3018;dan ini adalah plus ketika neo malioboro menyajikan jus segar :) dan mie kuah yang segar;service;pos;2;1
2707;3019;check-in dan check-out sebagai mudah;service;pos;2;1
2707;3020;Baik lokasi dekat malioboro;location;pos;1;1
2707;3021;Apa yang saya tidak suka dari hotel ini adalah bau sabun mandi/sampo;facilities;neg;3;0
2708;3022;Lokasi adalah luar biasa;location;pos;1;1
2708;3023;Kamar tidur adalah fantastis quailty;room;pos;0;1
2709;3024;dekat dari stasiun kereta api;location;pos;1;1
2710;3025;Tinggal di kamar deluxe dan itu besar;room;pos;0;1
2710;3026;dengan tempat tidur yang bagus;room;pos;0;1
2710;3027;kamar mandi bersih (tidak ada bathtub;room;pos;0;1
2711;3028;makanan yang luar biasa;service;pos;2;1
2711;3029;tv dan ac bagus;facilities;pos;3;1
2711;3030;kolam itu baik;facilities;pos;3;1
2711;3031;Satu-satunya negatif adalah wifi yang agak bersih;facilities;neg;3;0
2712;3032;Hotel ini memiliki lokasi dekat malioboro dan membuat beberapa tempat adalah benar-benar dekat;location;pos;1;1
2712;3033;Anda tiba di hotel staf yang membantu anda dengan penitipan dan sambutan hangat di mereka tersenyum;service;pos;2;1
2713;3034;Kamar cukup besar;room;pos;0;1
2713;3035;Hotel ini sangat bersih;service;pos;2;1
2713;3036;Layanan binatu sangat cepat;service;pos;2;1
2713;3037;Kolam itu bagus;facilities;pos;3;1
2713;3038;Tapi sarapan sangat rata-rata;service;pos;2;1
2714;3039;Kamar itu bagus;room;pos;0;1
2714;3040;Kebersihan kamar adalah sesuatu yang tak perlu berdebat;room;pos;0;1
2714;3041;mereka baik dalam menjaga kamar bersih;service;pos;2;1
2714;3042;Kolam renang yang tidak begitu besar;facilities;neg;3;0
2714;3043;Sarapan adalah layak;service;pos;2;1
2714;3044;Kamar mandi adalah luas;room;pos;0;1
2714;3045;Tempat tidur adalah kenyamanan;facilities;pos;3;1
2715;3046;layanan kamar adalah sangat cepat;service;pos;2;1
2715;3047;Staf benar-benar baik mereka memberikan 2 handuk di kolam renang sebelum aku bertanya untuk itu;service;pos;2;1
2716;3048;Bersih;service;pos;2;1
2716;3049;Lokasi yang bagus;location;pos;1;1
2716;3050;dekat dengan malioboro dan stasiun kereta api;location;pos;1;1
2716;3051;Menu sarapan sangat bervariasi;service;pos;2;1
2716;3052;staf yang ramah;service;pos;2;1
2717;3053;Kamar bagus;room;pos;0;1
2717;3054;bersih dan cukup;room;pos;0;1
2717;3055;tetapi menu sarapannya masih rata-rata;service;pos;2;1
2718;3056;Hotel dekat everwhere;location;pos;1;1
2718;3057;Sarapan adalah baik terlalu;service;pos;2;1
2719;3058;Staf adalah seragam ramah dan lucu;service;pos;2;1
2719;3059;Kamar itu bersih dan bagus furnitur;room;pos;0;1
2719;3060;Wi-fi adalah benar-benar cepat (menakjubkan haha;facilities;pos;3;1
2719;3061;Apa yang saya benar-benar suka berada di sana makanan (sarapan prasmanan);service;pos;2;1
2719;3062;Aku suka makanan mereka;service;pos;2;1
2720;3063;Lokasi yang baik dan hanya berjalan kaki ke jalan malioboro 10min shopping mall dan berjalan kaki ke 5min bagur jalan malioboro mulai dari walking street;location;pos;1;1
2720;3064;Kamar hotel baru dan modern;room;pos;0;1
2720;3065;Staf meja depan adalah ramah;service;pos;2;1
2721;3066;Hotel butik yang bagus dengan staf yang ramah;service;pos;2;1
2722;3067;wi-fi kecepatan sangat baik dan kamar sangat bersih;facilities;pos;3;1
2722;3068;Pilihan terbaik untuk ambil sarapan;service;pos;2;1
2722;3069;sangat dekat berjalan kaki ke jl;location;pos;1;1
2722;3070;staf yang sangat ramah dan sopan;service;pos;2;1
2723;3071;Makanan yang baik;service;pos;2;1
2723;3072;Lokasi dekat jalan malioboro;location;pos;1;1
2723;3073;Fasilitas hotel terlalu besar;facilities;pos;3;1
2724;3074;Lokasi adalah kunci;location;pos;1;1
2724;3075;hotel ini dekat dengan stasiun kereta api & dekat khas yogyakarta;location;pos;1;1
2724;3076;kamar yang bagus;room;pos;0;1
2724;3077;sarapan yang baik;service;pos;2;1
2725;3078;Neo malioboro hotel berada di dekat jalan malioboro;location;pos;1;1
2725;3079;Kamar hotel ini nyaman;room;pos;0;1
2725;3080;bersih;room;pos;0;1
2725;3081;kamar di depan sangat terpengaruh oleh suara dari stasiun kereta api;room;neg;0;0
2725;3082;dan kamar yang di belakang sangat terpengaruh oleh awal panggilan untuk doa;room;pos;0;1
2725;3083;Sky lounge di lantai paling atas adalah tempat yang bagus untuk angin ke arah kota;facilities;pos;3;1
2726;3084;Baik dan ramah staf resepsionis memberi saya check-in yang cepat dengan semua info tentang hotel mereka;service;pos;2;1
2726;3085;Baik ukuran kamar dan fasilitas yang diperlukan disiapkan;room;pos;0;1
2726;3086;Kamar yang selalu tetap bersih setiap kali aku kembali;room;pos;0;1
2726;3087;Staf yang santun dan tersenyum n membuat saya datang kembali lagi;service;pos;2;1
2726;3088;Lingkungan ini tidak sempurna dan kedap suara;facilities;neg;3;0
2727;3089;Layanan mereka sangat mengesankan;service;pos;2;1
2727;3090;staf keamanan dan staf sangat membantu;service;pos;2;1
2727;3091;proses check in benar-benar cepat;service;pos;2;1
2727;3092;Kamar itu besar;room;pos;0;1
2727;3093;bersih;room;pos;0;1
2727;3094;Fasilitas kamar mandi adalah sempurna;room;pos;0;1
2728;3095;Lokasi bagus;location;pos;1;1
2728;3096;bagus kamar tepat di samping kurangnya air di tenggelamkan wastafel;room;neg;0;0
2729;3097;Lokasi adalah kunci;location;pos;1;1
2729;3098;layanan dan keramahan staf sangat baik;service;pos;2;1
2730;3099;sangat menyenangkan dan kamar bersih;room;pos;0;1
2731;3100;Hotel ini memiliki layanan yang baik;service;pos;2;1
2731;3101;kamar bersih;room;pos;0;1
2731;3102;dan baik harga tetapi kurang variasi makanan;service;neg;2;0
2731;3103;Dekat dari stasiun kereta api dan tempat-tempat lainnya;location;pos;1;1
2732;3104;sangat bersih dan hangat dan juga dekat ke jalan malioboro;location;pos;1;1
2733;3105;Hotel ini memiliki layanan yang baik;service;pos;2;1
2733;3106;kamar bersih;room;pos;0;1
2733;3107;dan banyak variasi untuk makanan;service;pos;2;1
2733;3108;Dekat dari stasiun kereta api dan malioboro tentu saja;location;pos;1;1
2735;3109;berperabot lengkap;facilities;pos;3;1
2735;3110;super bersih;service;pos;2;1
2735;3111;Sarapan sangat baik;service;pos;2;1
2735;3112;dengan jus segar dan pancake terbaik;service;pos;2;1
2735;3113;Penerimaan membantu kami sangat baik dan sangat kooperatif;service;pos;2;1
2736;3114;Luas;location;pos;1;1
2736;3115;kamar bersih;room;pos;0;1
2736;3116;dan tempat tidur besar yang nyaman;facilities;pos;3;1
2737;3117;Aku bisa merasakan suasana keramahan staf di sana;service;pos;2;1
2737;3118;Sarapan makanan yang disajikan benar-benar lezat dan ada banyak variasi dari mereka;service;pos;2;1
2738;3119;Kamar bersih dan nyaman;room;pos;0;1
2738;3120;lokasi strategis;location;pos;1;1
2738;3121;terjangkau dan ramah + membantu staf fo dan keamanan;service;pos;2;1
2739;3122;Kamar selalu bagus dan bersih;room;pos;0;1
2739;3123;Sarapan adalah besar mengingat ini adalah hanya hotel bintang 2 - 3 itu;service;pos;2;1
2739;3124;Staf adalah baik dan sopan;service;pos;2;1
2740;3125;Tapi buruk bau di kamar bahwa kami telah 627/629;room;neg;0;0
2740;3126;Kolam renang yang bagus;facilities;pos;3;1
2740;3127;Sarapan juga bagus tapi hari kedua tidak ada keju;service;neg;2;0
2741;3128;staf ramah;service;pos;2;1
2741;3129;makanan sangat baik;service;pos;2;1
2741;3130;lokasi dekat dengan jalan malioboro;location;pos;1;1
2741;3131;sarapan adalah baik;service;pos;2;1
2741;3132;wifi bagus;facilities;pos;3;1
2741;3133;kebersihan bagus;service;pos;2;1
2742;3134;Bagus kolam renang untuk anak-anak untuk bermain tetapi layanan rata-rata;facilities;pos;3;1
2742;3135;sarapan dan layanan perlu meningkatkan variasi;service;neg;2;0
2742;3136;terima kasih tuhan mereka memiliki wifi dan kami benar-benar puas dengan ini sangat mudah untuk mengakses dan kecepatan tinggi;facilities;pos;3;1
2743;3137;Staf hotel sangat ramah dan sangat akomodatif;service;pos;2;1
2743;3138;Kamar hotel bersih dan itu dibersihkan setiap hari;room;pos;0;1
2743;3139;kolam renang sangat menyenangkan;facilities;pos;3;1
2744;3140;orang-orang yang ramah dan;service;pos;2;1
2744;3141;Ini tempat menginap dan yangbaik strategyc;location;pos;1;1
2744;3142;Kota di dekat jalan malioboro dan stasiun kereta api yogyakarta;location;pos;1;1
2745;3143;Hotel ini berada di lokasi strategis disepanjang jalan pasar kembang yang tepat di ujung jalan malioboro;location;pos;1;1
2745;3144;perlengkapan dan perabot di kamar adalah sederhana & minimalis tapi aku menemukan mereka sangat praktis dan modern e;facilities;pos;3;1
2745;3145;lampu samping tempat tidur kecil yang fleksibel dan penerangan yang juga ganda sebagai lampu baca;facilities;pos;3;1
2746;3146;Dekat dengan hanya berjalan kaki ke malioboro untuk berbelanja batik;location;pos;1;1
2746;3147;Dekat dari stasiun kereta api dan banyak makanan di sekitar hotel;location;pos;1;1
2747;3148;Hal-hal baik:   Baik lokasi (hanya beberapa langkah dari jalan Marlioboro);location;pos;1;1
2747;3149;sarapan lengkap;service;pos;2;1
2747;3150;kolam renang dan tempat tidur yang nyaman;facilities;pos;3;1
2747;3151;Ac di kamar itu benar-benar berisik (sesuatu bantut di dalamnya) dan kami terbangun di pagi hari oleh staf tata graha sangat lengkap (atau tidur;facilities;neg;3;0
2749;3152;Hotel ini dekat lagi tetapi tugu jogja;location;pos;1;1
2749;3153;Layanan di meja depan adalah luar biasa;service;pos;2;1
2749;3154;selera makanan yang baik;service;pos;2;1
2750;3155;Lokasi yang besar;location;pos;1;1
2750;3156;super ramah dan bagus dan bersih;service;pos;2;1
2750;3157;sarapan lezat dan makanan di skybar di;service;pos;2;1
2751;3158;Itu dekat dengan semua fasilitas dan jalan malioboro yang terkenal;location;pos;1;1
2751;3159;Hotel ini sangat berkelas dan dekorasi hitam dan putih abu-abu dan hanya sangat sangat bagus dan sejuk;facilities;pos;3;1
2751;3160;Staf adalah hebat dan restoran sangat baik dan pilihan makanan untuk sarapan;service;pos;2;1
2751;3161;Harga yang sangat wajar dan saya merekomendasikan properti ini untuk siapa pun;service;pos;2;1
2752;3162;indah lokasi dan staf profesional Ini adalah hotel yang hebat;location;pos;1;1
2752;3163;kamar luas dan bersih;room;pos;0;1
2752;3164;wifi dapat diandalkan dan dekat dengan malioboro (jalan utama jogja) Aku suka memiliki keamanan di lift;facilities;pos;3;1
2753;3165;layanan kamar;room;pos;0;1
2753;3166;dekat pusat kota malioboro;location;pos;1;1
2753;3167;dan yang paling menarik adalah makanan yang sangat baik dan selera yang bagus;service;pos;2;1
2754;3168;Pelayanan bagus;service;pos;2;1
2754;3169;lokasi sangat strategis;location;pos;1;1
2754;3170;Kamar hotel ini bersih dan nyaman;room;pos;0;1
2754;3171;Makanannya luar biasa;service;pos;2;1
2754;3172;nilai yang besar untuk uang karena lokasi ini sangat strategis;location;pos;1;1
2754;3173;Dekat dengan stasiun;location;pos;1;1
2755;3174;Para pelayan yang sangat membantu & ramah hotel - dia membantu kami menemukan taksi dan memberi petunjuk ke jalan;service;pos;2;1
2755;3175;Dia bahkan membantu membawa tas belanja saya ketika ia melihat kami turun dari kuda andong di tepi jalan;service;pos;2;1
2755;3176;Kamar adalah nyaman dan bersih dan mereka memenuhi permintaan saya untuk punya anak saya di kamar yang sama dengan kami;room;pos;0;1
2755;3177;walaupun kecil adalah cukup baik untuk berenang;facilities;pos;3;1
2756;3178;Hotel ini dekat stasiun tugu dan jl;location;pos;1;1
2756;3179;lokasi yang sangat baik;location;pos;1;1
2756;3180;Kamarnya sangat luas dan bersih;room;pos;0;1
2757;3181;Kamar adalah baik;room;pos;0;1
2757;3182;Lokasi ini dekat dengan malioboro dan stasiun kereta tapi tidak berisik;location;pos;1;1
2757;3183;Fasilitas hotel ini lengkap dan restoran adalah baik namun cita rasa makanan tidak istimewa;facilities;pos;3;1
2758;3184;Tempat itu bersih dan nyaman;service;pos;2;1
2758;3185;Daerah strategis;location;pos;1;1
2758;3186;konsep yang sejuk dan layanan yang ramah;facilities;pos;3;1
2760;3187;Lokasi yang baik;location;pos;1;1
2760;3188;Staf yang ramah dan sangat akomodatif;service;pos;2;1
2760;3189;Kolam renang baik untuk anak-anak;facilities;pos;3;1
2760;3190;Sarapan yang menyebar adalah cukup baik;service;pos;2;1
2761;3191;bersih dan baik tampak setelah;service;pos;2;1
2761;3192;Staf adalah menyenangkan dan sangat membantu;service;pos;2;1
2761;3193;Membantu kami mengatur taksi pribadi yang murah untuk membawa kami ke situs;service;pos;2;1
2761;3194;Sarapan adalah luas dan lezat;service;pos;2;1
2761;3195;Area kolam renang sangat bagus dan mencakup kolam renang handuk;facilities;pos;3;1
2762;3196;sangat dekat dengan stasiun bus transjoga dan banyak restoran;location;pos;1;1
2762;3197;kamar sangat bagus;room;pos;0;1
2763;3198;hanya ada 1 kalimat lokasi yang bagus;location;pos;1;1
2763;3199;staf yang baik;service;pos;2;1
2763;3200;kamar yang bagus;room;pos;0;1
2764;3201;dengan lokasi yang strategis;location;pos;1;1
2764;3202;dan semua staf sangat ramah;service;pos;2;1
2764;3203;kamar yang nyaman dan bersih tersedia;room;pos;0;1
2765;3204;staf yang ramah;service;pos;2;1
2765;3205;kamar bersih;room;pos;0;1
2765;3206;baik lokasi;location;pos;1;1
2765;3207;wifi gratis;facilities;pos;3;1
2766;3208;Aku tinggal selama beberapa hari dengan keluarga dan staf hotel dengan baik lokasi;service;pos;2;1
2766;3209;dekat dengan sebagian besar tempat menarik;location;pos;1;1
2766;3210;Makanan yang baik;service;pos;2;1
2766;3211;baik sarapan;service;pos;2;1
2766;3212;layanan yang bagus dan cepat respon;service;pos;2;1
2767;3213;Secara keseluruhan ruangan itu baik kecuali bahwa terdapat semut di dalam kamar;room;neg;0;0
2767;3214;Hotel makanan adalah luar biasa;service;pos;2;1
2767;3215;Sarapan yang menyebar baik;service;pos;2;1
2767;3216;tetapi jus buah diencerkan;service;neg;2;0
2768;3217;Dekat dengan jalan malioboro;location;pos;1;1
2768;3218;Hotel ini dekat dengan kompleks ketunasusilaan;location;neg;1;0
2769;3219;Jika anda mencari sebuah hotel berkualitas dengan lokasi kemudian neo adalah pilihan yang sempurna karena ini sangat dekat dengan malioboro dan stasiun kereta api;location;pos;1;1
2770;3220;dengan staf yang baik dan fantastis posisi untuk perjalanan kami;service;pos;2;1
2770;3221;sarapan sangat baik dan pilihan yang baik di kamar kami;service;pos;2;1
2771;3222;sangat dekat dengan stasiun tugu dan malioboro;location;pos;1;1
2771;3223;hanya dengan berjalan kaki di sepanjang jalan malioboro untuk belanja dan sampai akhir jalan anda dapat 'Andung' chart kuda kembali ke hotel anda;location;pos;1;1
2772;3224;layanan yang sangat buruk;service;neg;2;0
2773;3225;Kamar hotel ini bersih;room;pos;0;1
2773;3226;layanan baik;service;pos;2;1
2773;3227;Staf adalah sangat ramah;service;pos;2;1
2773;3228;hotel ini juga sangat dekat dengan stasiun yang berarti banyak kehirukpirukan - ini adalah hotel yang bagus oleh kereta;location;pos;1;1
2773;3229;Menginap di neo + yang lebih dekat ke kraton;location;pos;1;1
2774;3230;baik lokasi;location;pos;1;1
2774;3231;baik fasilitas;facilities;pos;3;1
2774;3232;Stafnya ramah;service;pos;2;1
2774;3233;f&b terjangkau di layanan kamar dan harga tidak masuk akal;service;neg;2;0
2774;3234;sky bersantap adalah menyenangkan;facilities;pos;3;1
2775;3235;Aku punya sangat bagus ruangan dengan ruang tamu;room;pos;0;1
2775;3236;Sarapan adalah baik dan harga makanan di restoran itu relatif murah;service;pos;2;1
2776;3237;Dekat Maliobor;location;pos;1;1
2776;3238;Mereka memberi kami layanan terbaik;service;pos;2;1
2777;3239;Agak baru hotel dekat malioboro dan kraton;location;pos;1;1
2777;3240;sangat bersih dan rapi;service;pos;2;1
2777;3241;Kolam renang adalah menyenangkan tetapi kami harus membawa handuk dari kamar tidak dapat menggunakan kolam renang di luar;facilities;neg;3;0
2777;3242;Sarapan sangat baik dengan banyak varietas dan selera yang baik juga;service;pos;2;1
2778;3243;staf yang ramah;service;pos;2;1
2778;3244;Saya melihat air dalam gelas minum gelas abaku dan shower kaca adalah masih kotor;facilities;neg;3;0
2779;3245;Makanan dan harga adalah baik namun ongkos menjadi cukup ramai di pagi hari telah lama q untuk makanan di stasiun tertentu;service;neg;2;0
2779;3246;dan kurangnya meja;facilities;neg;3;0
2779;3247;Lokasi baik sebagai dekat stasiun kereta api dan malioboro untuk best bargain belikana Staf sangat ramah dan membantu  Akan senang untuk berenang namun dekat kafe di mana banyak sekali orang berkerumun dengan anak-anak Aku tidak merasa nyaman di daerah yang ramai;facilities;neg;3;0
2779;3248;Kamar tidak kedap suara dan kita bisa mendengar orang berbicara dengan keras di luar;room;neg;0;0
2780;3249;tapi kamarnya tidak terlalu bersih;room;neg;0;0
2780;3250;Layanan yang baik;service;pos;2;1
2780;3251;staf yang ramah;service;pos;2;1
2781;3252;Staf sangat membantu dan menyenangkan;service;pos;2;1
2781;3253;kolam renang yang bagus;facilities;pos;3;1
2781;3254;Baik untuk sarapan prasmanan;service;pos;2;1
2781;3255;Resto ini menu perlu perbaikan;facilities;neg;3;0
2782;3256;sangat strategis dekat malioboro & hotel dan stasiun kereta api tugu;location;pos;1;1
2782;3257;kamar kotor dan benar-benar nyaman;room;neg;0;0
2782;3258;bagus sarapan pilihan & kualitas wifi;service;pos;2;1
2783;3259;Lokasi strategis;location;pos;1;1
2783;3260;dekat dengan stasiun kereta api dan atraksi lokal bagus;location;pos;1;1
2783;3261;bersih;service;pos;2;1
2783;3262;luas;service;pos;2;1
2783;3263;dan nyaman kamar;room;pos;0;1
2784;3264;Harga adalah cukup murah;service;pos;2;1
2784;3265;layanan bagus;service;pos;2;1
2784;3266;sarapan yang luar biasa;service;pos;2;1
2786;3267;Selalu nilai yang baik dan lokasi strategis;location;pos;1;1
2787;3268;hotel yang sangat bagus dekat dengan stasiun kereta api;location;pos;1;1
2787;3269;Wi-fi dan layanan kantor depan adalah sangat istimewa;facilities;pos;3;1
2788;3270;Kamar kami adalah baik;room;pos;0;1
2789;3271;ruangan itu besar dan hotel ini adalah tip-top layanan dan ramah disambut oleh staf menyenangkan;service;pos;2;1
2790;3272;Lokasi yang baik;location;pos;1;1
2790;3273;Staf hotel yang sangat membantu;service;pos;2;1
2791;3274;Lokasi yang besar;location;pos;1;1
2791;3275;sangat ramah dan membantu seluruh staf (dari meja depan untuk tukang masak di bbq makan malam dan wanita di restoran dan baik SkyLounge);service;pos;2;1
2791;3276;besar kolam renang;facilities;pos;3;1
2791;3277;baik kamar yang nyaman;room;pos;0;1
2791;3278;pemandangan luar biasa dari skylounge - Kamarnya bersih dan jika di jogja;facilities;pos;3;1
2791;3279;Itu dekat dengan stasiun kereta api dan di jalan setapak ke bandara jogja memarani tapi masih tenang dan tidak kesulitan relativelly mengatakan tiga hari di sana;location;pos;1;1
2792;3280;Lokasi sempurna jika anda datang dengan kereta api dan seperti hiruk-pikuk jalan malioboro;location;pos;1;1
2792;3281;Kamar yang bersih;room;pos;0;1
2792;3282;kolam renang adalah layak (walaupun kecil);facilities;pos;3;1
2792;3283;sarapan sangat baik (dengan banyak pilihan yang baik;service;pos;2;1
2792;3284;sky lounge adalah sangat berangin dan santai;facilities;pos;3;1
2792;3285;staf adalah ramah dan profesional;service;pos;2;1
2793;3286;kamar bersih;room;pos;0;1
2793;3287;staf yang ramah;service;pos;2;1
2794;3288;Sementara kualitas makanan untuk makan malam adalah sedikit di bawah rata-rata;service;neg;2;0
2794;3289;layanan wifi gratis sangat direkomendasikan;facilities;pos;3;1
2794;3290;bersih hotel;service;pos;2;1
2794;3291;bagus dan nyaman kamar;room;pos;0;1
2794;3292;baik fasilitas seperti wifi gratis dll;facilities;pos;3;1
2794;3293;dan beragam pilihan makanan selama sarapan;service;pos;2;1
2795;3294;terutama lokasi dekat ke pusat kota jogja kepariwisatawan;location;pos;1;1
2795;3295;Semua staf yang sopan dan bermanfaat;service;pos;2;1
2795;3296;sedikit bising karena suara dari kereta api di sebelah hotel;location;neg;1;0
2796;3297;Lokasi baik;location;pos;1;1
2796;3298;Juga di sebelah backpacker lane yang merupakan keuntungan bagi anda yang dekat dengan tempat wisata agen dan menyewa sepeda motor;location;pos;1;1
2796;3299;Satu-satunya kelemahan adalah fasilitas kamar mandi berkualitas dan dapat ditingkatkan;room;neg;0;0
2797;3300;dekat dengan stasiun kereta api;location;pos;1;1
2797;3301;kamar bersih;room;pos;0;1
2797;3302;makanan yang baik;service;pos;2;1
2797;3303;staf yang sopan;service;pos;2;1
2797;3304;tempat cukup parkir;facilities;pos;3;1
2797;3305;sangat bersih;service;pos;2;1
2797;3306;baik hangat air shower;facilities;pos;3;1
2798;3307;dan hotel ini mempunya choosed lokasi terbaik dekat malioboro dan stasiun kereta api;location;pos;1;1
2799;3308;Ramah;service;pos;2;1
2799;3309;bersih & nilai untuk uang kita;service;pos;2;1
2800;3310;Hotel ini terletak tepat di depan stasiun kereta yogyakarta;location;pos;1;1
2800;3311;Keamanan adalah bagus karena saya perlu ngluek kartu akses ke lift untuk kamar;facilities;pos;3;1
2800;3312;Mendengar ini ok untuk instagram atau selfie renjis: d Kamar saya bersih dan;room;pos;0;1
2800;3313;Tapi aku masih bisa mendengar suara dari kamar lain dan juga mengursus tuter :) );room;neg;0;0
2801;3314;Kamar bersih dan lokasi yang bagus;room;pos;0;1
2801;3315;Dekat dengan malioboro dan stasiun tugu;location;pos;1;1
2801;3316;Membutuhkan lebih banyak perhatian untuk sarapan;service;neg;2;0
2802;3317;kami tertawa tak bisa berhenti 2) kamar mandi dan staf yang ramah;service;pos;2;1
2802;3318;3) kamar memiliki tembok yang terlalu panjang;room;neg;0;0
2803;3319;Itu tidak membantu bahwa kartu kredit tidak pergi melalui ketika kami check-in tidak punya masalah di tempat lain;service;neg;2;0
2803;3320;Sarapan prasmanan ini cukup ramai ketika kami berada di sana;service;neg;2;0
2803;3321;di atas atap restoran dan bar dengan pemandangan kota yang benar-benar baik;facilities;pos;3;1
2804;3322;apa yang bisa lebih baik - hotel yang bagus dengan kamar yang nyaman di lokasi yang nyaman;room;pos;0;1
2804;3323;Jauh lebih mudah akses ke malioboro;location;pos;1;1
2804;3324;Kolam renang besar untuk anak-anak;facilities;pos;3;1
2804;3325;Efisien check-in dan check out;service;pos;2;1
2805;3326;Lokasi adalah yang terbaik;location;pos;1;1
2806;3327;Lokasi adalah super;location;pos;1;1
2806;3328;Kamar dirancang dengan baik dan nyaman;room;pos;0;1
2806;3329;sarapan lezat dengan berbagai pilihan;service;pos;2;1
2807;3330;as tempat dan lokasi yang bagus;location;pos;1;1
2807;3331;secara keseluruhan bagus n bersih;service;pos;2;1
2808;3332;lokasi adalah benar-benar bagus;location;pos;1;1
2808;3333;dekat dengan malioboro;location;pos;1;1
2808;3334;kamarnya bersih;room;pos;0;1
2808;3335;tetapi pasti membutuhkan pencahayaan lebih untuk salah satu kamar kami;room;neg;0;0
2808;3336;ini akan menjadi besar jika hotel bisa menyediakan handuk di kamar mandi;facilities;neg;3;0
2809;3337;aku memilih tempat ini terutama karena dari lokasi yang strategis;location;pos;1;1
2809;3338;kamarnya tidak terlalu mengesankan;room;neg;0;0
2809;3339;Pilihan menu sarapan bervariasi tidak sangat baik;service;neg;2;0
2810;3340;Lokasi dekat jalan malioboro;location;pos;1;1
2810;3341;tempat tidur yang nyaman;room;pos;0;1
2810;3342;pelayanan yang ramah dan koneksi internet baik di area umum maupun di dalam kamar;facilities;pos;3;1
2810;3343;Sarapan besar pilihan;service;pos;2;1
2811;3344;lokasi strategis;location;pos;1;1
2811;3345;kamar luas dan nyaman;room;pos;0;1
2811;3346;baik pilihan beakfast - hidup dari telur stasiun;service;pos;2;1
2811;3347;staf masih muda dan energik;service;pos;2;1
2811;3348;hangat dan ramah dan membuat saya tersenyum pada hari besar;service;pos;2;1
2812;3349;Saya menghargai itu  Kamar kami adalah baik;room;pos;0;1
2812;3350;dengan kamar mandi kecil yang sederhana Terletak di tempat yang sangat strategis di yogyakarta;location;pos;1;1
2812;3351;tapi dilengkapi dengan fasilitas yang sangat bagus;facilities;pos;3;1
2813;3352;Hotel yang bagus dengan lokasi yang baik;location;pos;1;1
2813;3353;Mudah diakses;location;pos;1;1
2813;3354;Tugu yogyakarta dan dekat malioboro;location;pos;1;1
2813;3355;Kamar bersih;room;pos;0;1
2813;3356;staf yang ramah;service;pos;2;1
2814;3357;Staf yang ramah;service;pos;2;1
2814;3358;Sarapan yang baik;service;pos;2;1
2814;3359;Kamar bersih;room;pos;0;1
2814;3360;Sinyal wifi yang baik dan koneksi internet;facilities;pos;3;1
2814;3361;Lokasi yang baik dan mudah diakses;location;pos;1;1
2815;3362;Interior yang bagus;facilities;pos;3;1
2815;3363;baik pilihan makanan meskipun selera dan koki bisa lebih baik;service;neg;2;0
2815;3364;banyak saluran tv;facilities;pos;3;1
2815;3365;mudah terhubung ke stasiun kereta api dan atm center ini sangat membantu;location;pos;1;1
2816;3366;staf yang sangat ramah dan lagi dengan aneh rambut abu-abu yang hahaha lucu Kamar tidak terlalu besar tapi bersih;service;pos;2;1
2816;3367;Kolam renang tidak terlalu besar namun memiliki pemandangan indah;facilities;pos;3;1
2816;3368;Sarapan adalah baik-baik saja dengan banyak pilihan;service;pos;2;1
2817;3369;Staf responsif;service;pos;2;1
2817;3370;dan sangat ramah;service;pos;2;1
2817;3371;sarapan yang sangat baik;service;pos;2;1
2817;3372;Kamar yang bagus untuk harga yang murah;room;pos;0;1
2817;3373;Dekat ke jalan malioboro dan toko serba ada di samping saya;location;pos;1;1
2817;3374;Anak-anak saya menikmati kolam renang;facilities;pos;3;1
2817;3375;Satu-satunya hal adalah cukup jauh dari stasiun kereta api;location;neg;1;0
2818;3376;Kamar dan makanan yang baik;room;pos;0;1
2818;3377;Satu-satunya hal yang saya tidak terlalu senang tentang adalah kebisingan di luar kamar 503 (hangat);room;neg;0;0
2818;3378;Sulit untuk bergerak dari lantai ke lantai seperti yang kita diperlukan kartu akses;facilities;neg;3;0
2819;3379;Resepsionis: Bagus;service;pos;2;1
2819;3380;Kamar ini bersih;room;pos;0;1
2819;3381;hospitaly;facilities;pos;3;1
2819;3382;Lokasi: dekat dengan jalan malioboro;location;pos;1;1
2819;3383;Interior: Bagus;facilities;pos;3;1
2820;3384;Terletak di dekat jalan perbelanjaan di yogyakarta;location;pos;1;1
2820;3385;hotel ini memiliki desain yang bagus dan layanan yang bagus;facilities;pos;3;1
2820;3386;staf yang sangat ramah dan membantu;service;pos;2;1
2820;3387;Kamar hotel bersih dan makanan yang sangat baik;room;pos;0;1
2821;3388;Kamar bersih;room;pos;0;1
2821;3389;tempat tidur yang nyaman;facilities;pos;3;1
2821;3390;staf besar dan layanan;service;pos;2;1
2821;3391;Beberapa kamar memiliki jendela besar dengan pemandangan kota;room;pos;0;1
2822;3392;makanan yang enak dan tempat di dekat malioboro;location;pos;1;1
2822;3393;Ini agak berdebu di kamar cleanless kandelir tapi yang lain hal itu baik;room;neg;0;0
2822;3394;koneksi wifi sangat bagus;facilities;pos;3;1
2823;3395;Makanan sangat baik dan segar;service;pos;2;1
2824;3396;Hotel ini masih baru sehingga kamar mereka kebersihan sangat baik;room;pos;0;1
2824;3397;Apa yang paling mengesankan saya adalah kualitas tempat tidur mereka;facilities;pos;3;1
2824;3398;Lokasinya juga cukup strategis karena terletak di area malioboro;location;pos;1;1
2826;3399;(+) dekat malioboro (+) staf adalah membantu  (+) makanan (di dalam ruangan) adalah begitu luar biasa dan murah;service;pos;2;1
2826;3400;000 IDR (+) Terdapat atm center di hotel apa & area  (-) Lokasi dekat stasiun tugu;location;neg;1;0
2826;3401;Saya puas dengan kamar dan tarif :);room;pos;0;1
2827;3402;Lokasi yang besar;location;pos;1;1
2827;3403;5 menit berjalan kaki ke jalan malioboro yang terkenal dan juga dekat dengan stasiun kereta api yogyakarta hanya 5 menit berjalan kaki;location;pos;1;1
2827;3404;Kamar ini bersih;room;pos;0;1
2827;3405;Staf hotel yang sangat membantu;service;pos;2;1
2828;3406;Lokasi hotel hanya berjarak 5 menit berjalan kaki ke jalan malioboro yang terkenal;location;pos;1;1
2828;3407;Ruangan itu nyaman dan rapi;room;pos;0;1
2828;3408;Sarapan sangat baik dengan berbagai pilihan dan bagian khusus di mana anda dapat mencoba semua makanan lokal dari jogja dan minum jamu;service;pos;2;1
2828;3409;Semua staf yang sangat ramah;service;pos;2;1
2828;3410;Sky lounge adalah tempat yang bagus untuk bersantai;facilities;pos;3;1
2829;3411;lokasi dekat dengan pusat kota;location;pos;1;1
2829;3412;dan parkir gratis;facilities;pos;3;1
2830;3413;Secara keseluruhan hotel ini baru dan staf adalah benar-benar ramah;service;pos;2;1
2830;3414;selalu tersenyum dan bahagia untuk melihatnya;service;pos;2;1
2831;3415;layanan ini sangat baik;service;pos;2;1
2831;3416;Aku menyukai kamar saya banyak terima kasih untuk semua;room;pos;0;1
2832;3417;dan layanan dan keramahan yang benar-benar memuaskan;service;pos;2;1
2832;3418;dan sarapannya luar biasa;service;pos;2;1
2833;3419;layanan yang sangat baik;service;pos;2;1
2833;3420;bahkan keamanan pribadi adalah gratis;service;pos;2;1
2833;3421;berjalan kaki ke jalan malioboro yang minit;location;pos;1;1
2833;3422;santun dengan ramah orang-orang yang membuat perjalanan kami Yogja sangat menyenangkan;service;pos;2;1
2834;3423;cepat dan ramah;service;pos;2;1
2835;3424;Hotel ini di dekat jalan malioboro yang ramai;location;pos;1;1
2835;3425;Di malioboro shopping mall hanya berjarak 5 menit berjalan kaki dari juga;location;pos;1;1
2835;3426;Staf sangat ramah dan menyenangkan;service;pos;2;1
2836;3427;Dekat dengan jalan malioboro;location;pos;1;1
2836;3428;Menu sarapan yang bervariasi dan sangat baik terletak;service;pos;2;1
2836;3429;Kamar juga bersih;room;pos;0;1
2836;3430;Koneksi wifi bagus;facilities;pos;3;1
2837;3431;staf yang membantu dan selalu tersenyum;service;pos;2;1
2838;3432;Malioboro adalah lokasi terbaik untuk wisatawan untuk menginap karena ada akses mudah ke pusat perbelanjaan/restoran;location;pos;1;1
2838;3433;Hotel ini sangat bersih;service;pos;2;1
2838;3434;Linen yang bersih dan berubah setiap hari;facilities;pos;3;1
2838;3435;Staf adalah ramah dan menampung;service;pos;2;1
2839;3436;Lokasi adalah pusat dan lokasi adalah alasan utama saya memesan neo;location;pos;1;1
2839;3437;itu mungkin terlalu dekat dengan pusat kota sebagai stasiun kereta api dan membuat tidur sangat sulit di hotel ini;location;neg;1;0
2839;3438;Kamar itu tidak layak harga;room;neg;0;0
2839;3439;Dinding sangat tipis;room;neg;0;0
2840;3440;Hotel ini berada dekat dengan stasiun kereta api sehingga dapat berisik;location;neg;1;0
2840;3441;anda dapat mendengar tetangga anda berbicara dan berjalan oleh;room;neg;0;0
2840;3442;Ac adalah disentralisir;facilities;pos;3;1
2841;3443;Kamarnya bersih n enak;room;pos;0;1
2841;3444;sarapan fantastis;service;pos;2;1
2841;3445;stafnya ramah juga;service;pos;2;1
2841;3446;Kolam renang adalah sedikit dasar tapi masih baik meskipun;facilities;pos;3;1
2842;3447;Kamar yang bagus untuk harga;room;pos;0;1
2842;3448;Lokasi yang baik;location;pos;1;1
2842;3449;Dekat dengan jalan utama dan bus Mailoboro;location;pos;1;1
2842;3450;Dekat dengan masjid dan stasiun;location;pos;1;1
2843;3451;Lokasi hotel ini sempurna;location;pos;1;1
2843;3452;Hotel ini sangat bersih dan tampaknya cukup baru;service;pos;2;1
2843;3453;Hotel kruku juga ramah;service;pos;2;1
2843;3454;Kamar dengan king size bed yang sangat nyaman di hotel ini;room;pos;0;1
2843;3455;kamar sangat luas;room;pos;0;1
2843;3456;sangat nyaman dengan mandi sangat baik;room;pos;0;1
2843;3457;banyak saluran untuk berselancar di di tv;facilities;pos;3;1
2843;3458;makanan cukup baik dan harga terjangkau;service;pos;2;1
2843;3459;layanan kamar sangat rapi dan efisien;service;pos;2;1
2844;3460;Sementara area umum dan kamar-kamarnya berfasilitas lengkap terdapat beberapa kekurangan dalam tinggal di sini;facilities;neg;3;0
2844;3461;dinding yang kertas tipis dan kamar sehingga anda dapat mendengar setiap suara dari kamar sebelah dan koridor tamu dari tempat menunggu lift;room;neg;0;0
2844;3462;Koneksi internet saya hanya bekerja di lobi dan tidak di kamar saya;facilities;neg;3;0
2845;3463;Ruangan itu cukup baik untuk jenis standar;room;pos;0;1
2845;3464;lingkungan yang sangat baik dan bagus layanan pelanggan;service;pos;2;1
2845;3465;variasi menu untuk sarapan dan nilai yang baik tetapi sangat ramai di akhir pekan;service;pos;2;1
2845;3466;kecuali terlalu gelap lorong antara kamar dan merasa memakutkan anak saya berkata ketika ada orang mau masuk bersama kami;facilities;neg;3;0
2846;3467;Kamar-kamarnya nyaman;room;pos;0;1
2846;3468;sangat menyenangkan dan layanan pelanggan juga sangat ramah;service;pos;2;1
2846;3469;Lokasi yang baik;location;pos;1;1
2846;3470;5 menit dari malioboro dan stasiun kereta api tugu;location;pos;1;1
2846;3471;Terpelihara dengan baik tapi sangat baik sarapan di restoran;service;pos;2;1
2847;3472;lokasi yang sangat baik;location;pos;1;1
2847;3473;bersih dan nyaman akomodasi;service;pos;2;1
2847;3474;sarapan yang baik;service;pos;2;1
2847;3475;sangat dekat dengan halte bus ke bandara Plambanan;location;pos;1;1
2848;3476;Lokasi yang sangat baik;location;pos;1;1
2848;3477;Harga terjangkau;service;pos;2;1
2848;3478;Kamar yang bersih dan terawat dengan baik;room;pos;0;1
2848;3479;Layanan sangat baik;service;pos;2;1
2848;3480;Keamanan yang baik;service;pos;2;1
2850;3481;Hotel baru yang bagus tapi perlu untuk menjaga kamar mandi mereka;room;neg;0;0
2850;3482;Sarapan perlu meningkatkan kualitas;service;neg;2;0
2850;3483;Kamar ini sangat bagus untuk harga;room;pos;0;1
2851;3484;hotel dengan harga terjangkau dan lingkungan comfartble;service;pos;2;1
2851;3485;Hotel ini dekat dengan 5 Marlioboro road beberapa menit berjalan kaki;location;pos;1;1
2851;3486;Staf adalah sangat rendah hati dan memiliki seseorang di kota ini;service;pos;2;1
2852;3487;Staf yang ramah dan membantu;service;pos;2;1
2852;3488;kamar yang bersih dan nyaman;room;pos;0;1
2852;3489;Tetapi perlu meningkatkan sarapan untuk berubah setiap hari;service;neg;2;0
2852;3490;Dan dekat dengan area wisata seperti jalan malioboro dan museum kraton;location;pos;1;1
2853;3491;Counter staf muda dan funky mengincah;service;pos;2;1
2853;3492;Ramah & efisien;service;pos;2;1
2853;3493;Kamar kami sangat bersih;room;pos;0;1
2853;3494;7th floor dengan tempat tidur yang nyaman dan baik toilet;room;pos;0;1
2853;3495;Lokasi luar biasa jika anda ingin terhubung dengan kereta ke solo dan semarang (2 jam) dan lain-lain;location;pos;1;1
2853;3496;Keamanan yang baik;service;pos;2;1
2853;3497;Kami mencintai sarapan mereka yang ada penyebaran indah…;service;pos;2;1
2854;3498;tempat ini bersih dan baru;service;pos;2;1
2854;3499;tapi beberapa bising karena dari kereta;location;neg;1;0
2855;3500;kamar & kolam renang bersih dan bagus;facilities;pos;3;1
2855;3501;staf yang ramah;service;pos;2;1
2855;3502;Hotel ini dekat dengan jalan malioboro;location;pos;1;1
2856;3503;Keramahtamahan staf dan menyediakan sarapan dalam kotak bagi saya karena aku harus pergi lebih awal untuk melihat matahari terbit di candi borobudur;service;pos;2;1
2856;3504;Bersih hotel dan lokasi yang bagus juga;location;pos;1;1
2857;3505;Sarapannya luar biasa;service;pos;2;1
2857;3506;Kamar yang bersih;room;pos;0;1
2858;3507;saya suka lokasinya;location;pos;1;1
2858;3508;coz sangat strategis dan dekat dengan malioboro (pusat budaya pasar);location;pos;1;1
2859;3509;Hotel ini relatif baru dan terletak dekat malioboro;location;pos;1;1
2859;3510;bersih;service;pos;2;1
2859;3511;Anak-anak saya suka kolam renang;facilities;pos;3;1
2859;3512;Dan juga di sky lounge adalah tempat yang bagus untuk melihat sekeliling dari ketinggian sambil menikmati makan malam;facilities;pos;3;1
2860;3513;Stasiun kereta api di seberang jalan dan hanya berjalan kaki singkat;location;pos;1;1
2860;3514;dan str malioboro juga berada di dekat hotel;location;pos;1;1
2860;3515;Kamar sangat bersih dan nyaman;room;pos;0;1
2861;3516;Lokasi sangat bagus;location;pos;1;1
2861;3517;Double tempat tidur nyaman dan selalu bersih;room;pos;0;1
2861;3518;Cinta sky lounge dan saya tinggal di sini;facilities;pos;3;1
2862;3519;Sangat baik desain dan nyaman;facilities;pos;3;1
2862;3520;sangat dekat dengan malioboro;location;pos;1;1
2862;3521;sangat bersih;service;pos;2;1
2862;3522;tapi agak berisik karena sangat dekat dengan stasiun kereta api;location;neg;1;0
2863;3523;Lokasi yang baik dan layanan yang sangat baik;location;pos;1;1
2863;3524;staf di meja depan sangat ramah dan kamar bersih;service;pos;2;1
2863;3525;Menyukai sarapan;service;pos;2;1
2864;3526;Ini adalah sebuah hotel baru dengan sangat baik kamar;room;pos;0;1
2864;3527;Kamar adalah terang;room;pos;0;1
2864;3528;Lokasi ini hanya berjarak dekat dengan berjalan kaki ke malioboro;location;pos;1;1
2865;3529;terutama staf sangat ramah dan kamar sangat bersih dan lokasi yang sangat baik dan layanan;service;pos;2;1
2865;3530;fasilitas juga benar-benar baik;facilities;pos;3;1
2865;3531;Dekat dengan stasiun kereta api dan dekat dengan mall;location;pos;1;1
2866;3532;Itu bersih dan staf layanan yang semua sangat ramah dan membantu;service;pos;2;1
2867;3533;sangat bersih;service;pos;2;1
2867;3534;kamar mandi juga bagus Menu Breakfas;room;pos;0;1
2867;3535;Hanya berjalan kaki ke malioboro 5min;location;pos;1;1
2868;3536;Fasilitas di sini adalah luar biasa dan hotel ini memiliki kolam renang yang bersih dan indah;facilities;pos;3;1
2868;3537;Sarapan adalah besar juga;service;pos;2;1
2868;3538;Nah neo malioboro juga cukup dekat stasiun sehingga tidak perlu untuk mengambil taksi atau seperti (satu jenis transportasi tradisional indonesia) setelah tiba di yogyakarta;location;pos;1;1
2869;3539;Sarapan adalah luar biasa - ada banyak pilihan masakan indonesia;service;pos;2;1
2869;3540;Kamar sedikit ketat di ruang dengan ruang cukup kecil;room;neg;0;0
2869;3541;tapi nyaman;room;pos;0;1
2869;3542;Staf yang ramah dan membantu;service;pos;2;1
2870;3543;Baik dalam layanan;service;pos;2;1
2870;3544;sangat bersih;service;pos;2;1
2870;3545;sarapan lezat;service;pos;2;1
2870;3546;tapi mungkin harus memiliki kolam renang untuk anak-anak;facilities;neg;3;0
2870;3547;karena anak-anak saya yang kecewa tentang adalah Dan makanan di layanan kamar itu bukan lezat seperti sarapan;facilities;neg;3;0
2871;3548;Kamarnya bersih dan nyaman dan kami memiliki tidur yang sangat baik;room;pos;0;1
2871;3549;Saya tidak melihat terlalu banyak suara dari kamar kami;room;pos;0;1
2871;3550;Sarapan adalah banyak dengan banyak pilihan untuk berbagai selera;service;pos;2;1
2871;3551;Aku suka pemandangan dari ruang sarapan dan bar atas atap kami;facilities;pos;3;1
2871;3552;Hotel ini di lokasi yang besar;location;pos;1;1
2871;3553;dalam jarak berjalan kaki dari banyak tempat menarik dan indah dengan banyak restoran di dekatnya;location;pos;1;1
2871;3554;Stafnya ramah dan sangat membantu - mereka diatur sopir untuk perjalanan kami;service;pos;2;1
2872;3555;Lokasi sangat baik dan layanan;location;pos;1;1
2872;3556;fasilitas juga benar-benar baik;facilities;pos;3;1
2872;3557;Dekat dengan stasiun kereta api;location;pos;1;1
2873;3558;hotel ini bersih;service;pos;2;1
2873;3559;staf yang ramah;service;pos;2;1
2873;3560;makanan yang baik dan sarapan;service;pos;2;1
2874;3561;3 menit berjalan kaki dari jalan malioboro;location;pos;1;1
2874;3562;Bersih;service;pos;2;1
2875;3563;lokasi sangat baik;location;pos;1;1
2875;3564;wifi dengan kecepatan 3 MB adalah besar;facilities;pos;3;1
2876;3565;Lokasi luar biasa;location;pos;1;1
2876;3566;Sarapan adalah di gedung putih dan selera yang baik juga;service;pos;2;1
2877;3567;Hotel ini terletak di lokasi yang baik sangat dekat dengan pasar dan stasiun kereta api;location;pos;1;1
2877;3568;Aku akan terutama menyebutkan mereka sky lounge di mana anda dapat menikmati bir yang lebih menakjubkan pemandangan kaki langit;facilities;pos;3;1
2878;3569;Hotel ini adalah lokasi yang sangat baik;location;pos;1;1
2878;3570;fasilitas yang baik;facilities;pos;3;1
2878;3571;layanan yang baik juga;service;pos;2;1
2878;3572;Area dekat malioboro;location;pos;1;1
2878;3573;Neo malioboro mungkin hotel memiliki wifi gratis dan sky lounge bar dengan baik hiburan;facilities;pos;3;1
2879;3574;lobi interiur adalah sangat unik dan juga staf sangat ramah dan proses check-in sangat cepat;service;pos;2;1
2879;3575;kami pergi ke kamar dan kamar adalah semua fasilitas yang sangat lengkap di dalam kamar;room;pos;0;1
2879;3576;makanan sangat lezat dan makanan varian juga meperlengkapi dari sarapan tradisional sampai western breakfast;service;pos;2;1
2879;3577;itu adalah tempat yang baik untuk makan malam dan tempat yang bagus untuk havin menikmati pemandangan malam kota yogyakarta dan staf juga memberi kami layanan terbaik;facilities;pos;3;1
2880;3578;Saya mengunjungi jogja untuk satu malam dan diperlukan kamar dengan akses yang mudah ke jalan malioboro;location;pos;1;1
2880;3579;Hotel ini terletak kurang dari lima menit berjalan kaki ke jalan malioboro dan menurut pendapat saya;location;pos;1;1
2881;3580;Hotel yang terletak di jalan pasar neo Kambang di seberang stasiun kereta api tugu yang merupakan tempat ideal bagi wisatawan yang ingin tinggal di daerah jalan dan untuk orang-orang yang ingin menggarit tentang dengan transportasi umum;location;pos;1;1
2881;3581;Bus umum dengan mudah diakses di sepanjang malioboro;location;pos;1;1
2881;3582;pasar dan tempat wisata semua dalam jarak berjalan kaki dari hotel;location;pos;1;1
2881;3583;Hotel ini bersih;service;pos;2;1
2881;3584;Staf hotel dan layanan yang bagus;service;pos;2;1
2882;3585;aku memilih neo hotel karena lokasinya yang dekat dengan malioboro yang terkenal dan juga karena harga terjangkau yang berjarak sekitar rp 368;location;pos;1;1
2882;3586;Hal lain adalah rekening kami modern dan bergaya interiur di kamar dan tempat tidur yang nyaman;room;pos;0;1
2883;3587;Seperti: Lokasi yang baik;location;pos;1;1
2883;3588;2 menit berjalan kaki dari stasiun kereta api (2 stasiun dari bandara);location;pos;1;1
2883;3589;cepat check-in dan check-out;service;pos;2;1
2883;3590;sarapan enak;service;pos;2;1
2883;3591;dekat dengan jalan malioboro;location;pos;1;1
2883;3592;Kolam renang adalah bagus tapi tidak ada kolam renang semenggah attires menegaskan;facilities;pos;3;1
2884;3593;Ramah dan selalu memperhatikan kebutuhan anda;service;pos;2;1
2884;3594;Kamarnya bagus;room;pos;0;1
2884;3595;cukup besar dan bersih;room;pos;0;1
2885;3596;Aku suka lokasi hotel;location;pos;1;1
2885;3597;ramah orang-orang dan bersih;service;pos;2;1
2885;3598;Aku tidak menyukai keramaian dari dekat stasiun kereta api di malam atau pagi hari;location;neg;1;0
2885;3599;perlu mengubah probubly untuk jendela kedap suara untuk mencegah bising;facilities;neg;3;0
2886;3600;Hotel ini menawarkan kamar bersih dengan kenyamanan & harga terjangkau;room;pos;0;1
2886;3601;dan juga untuk sarapan banyak variasi dari makanan lokal hingga internasional;service;pos;2;1
2886;3602;Jarak ke tempat seperti jalan malioboro yang terkenal dan kraton yang tenang dekat;location;pos;1;1
2886;3603;anda bisa menghabiskan waktu hanya 5 menit berjalan kaki ke 20;location;pos;1;1
2887;3604;hotel bagus dengan desain yang sangat bagus di pusat kota;location;pos;1;1
2887;3605;memiliki sarapan yang baik;service;pos;2;1
2887;3606;kolam renang luar ruangan tersedia di lantai kedua dan neo sky lounge dengan pemandangan yang indah di atas hotel;facilities;pos;3;1
2887;3607;Hanya dengan berjalan kaki dari stasiun kereta api dan ke jalan malioboro dan tidak mahal;location;pos;1;1
2888;3608;sebuah resto dengan keanekaragaman lainnya yang pernah kami alami;facilities;pos;3;1
2888;3609;Layanan yang baik di semua area;service;pos;2;1
2888;3610;Ada kolam bagus dan di lantai swmming scond di sky lounge di atas hotel;facilities;pos;3;1
2889;3611;Terletak tepat di pusat kota;location;pos;1;1
2889;3612;dan memiliki akses yang besar ke semua fasilitas;facilities;pos;3;1
2889;3613;Makanan yang baik;service;pos;2;1
2889;3614;staf yang ramah;service;pos;2;1
2890;3615;Great hotel dengan layanan dan fasilitas;facilities;pos;3;1
2890;3616;staf sangat ramah dan membantu;service;pos;2;1
2890;3617;lokasi yang nyaman;location;pos;1;1
2890;3618;tempat tidur yang nyaman;room;pos;0;1
2890;3619;dan ruangan itu luas dan bersih;room;pos;0;1
2891;3620;semua hotel bagus karena baru dan lokasi yang bagus;location;pos;1;1
2891;3621;kamar bersih;room;pos;0;1
2891;3622;sarapan bagus;service;pos;2;1
2891;3623;pelayanan yang baik;service;pos;2;1
2892;3624;Proses check in cukup;service;pos;2;1
2892;3625;Ruangan itu besar untuk kamar standar;room;pos;0;1
2892;3626;Bagus dan bersih;service;pos;2;1
2892;3627;Pendingin kecil di kamar yang tidak bekerja dengan benar;facilities;neg;3;0
2892;3628;Sarapan adalah baik-baik saja;service;pos;2;1
2893;3629;Lokasi adalah sangat berguna;location;pos;1;1
2893;3630;Hotel ini bersih;service;pos;2;1
2893;3631;rapi dan tentu saja beragam makanan untuk sarapan;service;pos;2;1
2894;3632;sangat modern gaya di lokasi yang sangat baik dekat area perbelanjaan dan stasiun;location;pos;1;1
2894;3633;Layanan yang baik;service;pos;2;1
2894;3634;ramah dan layanan berorientasi staf  Sayangnya ada beberapa aktivitas yang bangunan;service;neg;2;0
2896;3635;dan sangat ramah;service;pos;2;1
2896;3636;Ruangan itu sangat bersih;room;pos;0;1
2896;3637;Terlalu buruk yang kadang-kadang akan ada berisik motorpit operkan oleh hotel ini karena ini terletak sangat dekat dengan pusat objek wisata di yogya;location;neg;1;0
2896;3638;Menu sarapan juga sangat baik;service;pos;2;1
2897;3639;Hotel ini di lokasi yang besar (2 menit berjalan kaki dari stasiun kereta api dan jalan malioboro);location;pos;1;1
2897;3640;Staf adalah sangat ramah dan membantu;service;pos;2;1
2897;3641;Kamar tidur adalah luas;room;pos;0;1
2897;3642;bersih;room;pos;0;1
2897;3643;memiliki tempat tidur yang nyaman dan tempat tidur bahkan sampai anda turun setiap malam;room;pos;0;1
2897;3644;sarapan memiliki beragam baik makanan berkualitas dan ada kolam jika anda merasa seperti benar-benar baik;service;pos;2;1
2898;3645;Positif poin: staf adalah luar biasa -;service;pos;2;1
2898;3646;ramah dan benar-benar bersedia untuk menanggapi kebutuhan anda  - sangat nyaman dengan kualitas baik dari tempat tinggal  anda dapat memesan pijat - di kamar;service;pos;2;1
2898;3647;yang merupakan benar-benar bersantai setelah hari tamasya intensif  - sarapan prasmanan dengan pilihan makanan yang sangat jengkauan Negatif poin: - Koneksi wifi di kamar (307#) adalah miskin;facilities;neg;3;0
2900;3648;Harga yang terjangkau;service;pos;2;1
2900;3649;layanan yang baik;service;pos;2;1
2900;3650;kamar yang indah;room;pos;0;1
2900;3651;staf yang ramah dan lokasi yang besar;location;pos;1;1
2901;3652;Semua layanan sangat baik dan kamar sangat nyaman;service;pos;2;1
2901;3653;Kami juga memiliki besar kolam renang yang sangat bagus juga;facilities;pos;3;1
2901;3654;dan semua staf hotel ini sangat ramah dan dekorasi adalah baik;service;pos;2;1
2902;3655;Lokasi ini dekat dengan stasiun kereta dan jalan malioboro yang terkenal;location;pos;1;1
2902;3656;Kamar yang sangat bersih dan fasilitas kamar lengkap;room;pos;0;1
2902;3657;Sarapan adalah fantastis;service;pos;2;1
2902;3658;lezat dan selera tricki juga adalah baik;service;pos;2;1
2902;3659;Semua staf adalah sangat membantu dan ramah;service;pos;2;1
2903;3660;sangat baru dan bersih;service;pos;2;1
2903;3661;Lokasi besar juga;location;pos;1;1
2903;3662;hanya berjalan kaki dari malioboro 2 minuten shopping street;location;pos;1;1
2903;3663;Hotel kolam renang tidak sangat besar tapi cukup untuk bersantai;facilities;pos;3;1
2903;3664;Sarapan adalah luar biasa dengan bot bergaya eropa dan indonesia;service;pos;2;1
2903;3665;Restoran ini juga baik-baik saja;facilities;pos;3;1
2904;3666;super ramah hotel;service;pos;2;1
2904;3667;semua staf yang ramah dan sangat hepfull;service;pos;2;1
2904;3668;minimalis tapi nyaman kamar;room;pos;0;1
2904;3669;akses yang mudah untuk pergi kemanapun;location;pos;1;1
2905;3670;Secara keseluruhan saya puas dengan layanan dan yang paling penting adalah bahwa itu terletak di lokasi yang strategis di kawasan utama kota sehingga membuat kami nyaman untuk mencapai tempat apapun yang menarik;location;pos;1;1
2906;3671;cukup murah untuk pendatang;service;pos;2;1
2906;3672;hotel ini berada di pusat kota;location;pos;1;1
2906;3673;Bangunan ini sangat bagus;facilities;pos;3;1
2906;3674;dan ada kolam renang juga;facilities;pos;3;1
2906;3675;dan mereka memiliki hidangan yang baik;service;pos;2;1
2907;3676;Hotel ini juga hanya beberapa menit berjalan kaki dari jalan malioboro yang terkenal;location;pos;1;1
2907;3677;Hotel ini juga menyediakan kolam renang untuk anak-anak;facilities;pos;3;1
2907;3678;Kami tinggal di kamar superior dan rasanya cukup besar bagi kami;room;pos;0;1
2907;3679;Sarapan adalah lezat dan staf sangat ramah;service;pos;2;1
